Parks,Bellaire Avenue Park,,34.21561,-118.412666
Parks,Sunnynook River Park,,34.113439,-118.268482
Parks,Holmby Park,http://www.golf.lacity.org/cdp_holmby.htm,34.07294331,-118.4293956
Parks,South Victoria Ave Park,,33.979427,-118.332474
Parks,Barry A. Sanders Sports Field,http://www.laparks.org/dos/parks/facility/lakeBalboaPk.htm,34.186672,-118.50107
Dog Parks,Hermon / Arroyo Seco Dog Park,http://laparks.org/dos/parks/facility/dogparks/HermonDogPk.htm,34.107407,-118.185319
Parks,Imperial Courts Park,http://www.laparks.org/dos/reccenter/facility/imperialcourtsRC.htm,33.93125654,-118.2324199
Tennis Courts,Griffith Park - Vermont Canyon Tennis Courts,http://www.laparks.org/dos/sports/tennis/facility/vermontcynTC.htm,34.121019,-118.293574
Recreation Centers,James Slauson Recreation Center,http://www.laparks.org/dos/reccenter/facility/slausonMC.htm,33.994156,-118.247682
Outdoor Fitness Equipment,105th Street Pocket Park,,33.940919,-118.285253
Parks,Chase Park,http://www.laparks.org/dos/parks/facility/chasePk.htm,34.222783,-118.617596
Lakes,Echo Park Lake,http://www.laparks.org/dos/aquatic/facility/echoPkLake.htm,34.07240833,-118.2600257
Parks,Eagle Rock Hillside Park,http://www.laparks.org/dos/parks/facility/eagleRockHillsidePk.htm,34.149007,-118.202226
Parks,Griffith Park - Shane's Inspiration Park,http://www.laparks.org/dos/playground/facility/griffithUAPk.htm,34.135083,-118.284647
Parks,Mae Boyar Park,http://www.laparks.org/dos/parks/facility/maeBoyerPk.htm,34.19575619,-118.6469636
Outdoor Fitness Equipment,Saint Andrews Recreation Center,http://www.laparks.org/dos/reccenter/facility/StAndrewsRC.htm,33.95882144,-118.3112791
Parks,Seily Rodriguez Park,http://www.laparks.org/dos/parks/facility/seilyRodriguezPk.htm,34.092917,-118.313975
Recreation Centers,Sepulveda Sports Complex,,34.183495,-118.502762
Recreation Centers,Palisades Recreation Center,http://www.laparks.org/dos/reccenter/facility/palisadesRC.htm,34.042429,-118.524614
Universally Accessible Playgrounds,Van Nuys Sherman Oaks Recreation Center,http://www.laparks.org/dos/reccenter/facility/vanNuysSORC.htm,34.15952933,-118.4425227
Outdoor Fitness Equipment,Glassell Park,http://www.laparks.org/dos/parks/facility/glassellPk.htm,34.11673874,-118.2331726
Outdoor Fitness Equipment,Gladys Jean Wesson Park,,34.033847,-118.340309
Parks,Elysian Park - Avenue of the Palms,,34.079493,-118.249133
Parks,Villa Cabrini Park,http://www.laparks.org/dos/parks/facility/villaCabriniPk.htm,34.215329,-118.338525
Outdoor Fitness Equipment,Watts Community Park,,33.932023,-118.240098
Recreation Centers,Penmar Youth Center,http://www.laparks.org/dos/reccenter/facility/penmarRC.htm,34.00618864,-118.455831
Universally Accessible Playgrounds,Ken Malloy Harbor Regional Park,http://www.laparks.org/dos/parks/facility/kenMalloyHarborPk.htm,33.787682,-118.295031
Recreation Centers,Barrington Recreation Center,http://www.laparks.org/dos/reccenter/facility/barringtonRC.htm,34.06137723,-118.4686951
Recreation Centers,Cheviot Hills Recreation Center,http://www.laparks.org/dos/reccenter/facility/cheviotHillsRC.htm,34.046898,-118.408263
Parks,Julian C. Dixon Ave. Park / 48th Street Park,http://www.laparks.org/dos/parks/facility/48thStreetPk.htm,33.99941769,-118.2869822
Parks,Wilmington Veterans Park,,33.785755,-118.248009
Parks,Aliso Canyon Park,http://www.laparks.org/dos/parks/facility/alisoCanyonPk.htm,34.27891,-118.526823
Tennis Courts,Algin Sutton Tennis Courts,http://www.laparks.org/dos/reccenter/facility/alginSuttonRC.htm,33.957778,-118.285546
Recreation Centers,Rancho Cienega Sports Complex,http://www.laparks.org/dos/reccenter/facility/ranchocienegaRC.htm,34.022242,-118.351645
Parks,Glassell Park,http://www.laparks.org/dos/parks/facility/glassellPk.htm,34.11673874,-118.2331726
Outdoor Fitness Equipment,Studio City Park (Beeman Park),http://www.laparks.org/dos/reccenter/facility/studioCityRC.htm,34.15137297,-118.4079843
Outdoor Fitness Equipment,Kagel Canyon Park,http://www.laparks.org/dos/parks/facility/kagelCanyonPk.htm,34.28069157,-118.3804559
Parks,Echo Park,http://www.laparks.org/dos/reccenter/facility/echoParkRC.htm,34.07012683,-118.2608082
Parks,Fred Roberts Park,http://www.laparks.org/dos/reccenter/facility/fredRobertsRC.htm,34.00087496,-118.2439885
Parks,Andres Pico Adobe Park,http://www.laparks.org/dos/historic/andres.htm,34.26854067,-118.4666357
Parks,San Pasqual Park,http://www.laparks.org/dos/parks/facility/sanPascualPk.htm,34.11981,-118.17014
Outdoor Fitness Equipment,Holleigh Bernson Memorial Park,,34.293003,-118.571202
Parks,Lilac Terrace Park,http://www.laparks.org/dos/parks/facility/lilacTerracePk.htm,34.080151,-118.249395
Recreation Centers,Crestwood Hills Recreation Center,http://www.laparks.org/dos/reccenter/facility/crestwoodHillsRC.htm,34.07661042,-118.4889191
Parks,Wabash Park,http://www.laparks.org/dos/reccenter/facility/wabashRC.htm,34.05070789,-118.1981928
Recreation Centers,Yucca Park Community Center,http://www.laparks.org/dos/reccenter/facility/yuccaCC.htm,34.10331572,-118.3355345
Parks,White Point Nature Preserve & Education Center,http://www.laparks.org/dos/parks/facility/whitePointPk.htm,33.716114,-118.315303
Parks,Browns Creek Park,http://www.laparks.org/dos/parks/facility/brownsCreekPk.htm,34.288031,-118.588165
Gardens,Solano Canyon Community Garden,http://www.laparks.org/dos/parks/facility/elysianpk.htm,34.075292,-118.231559
Recreation Centers,Denker Recreation Center,http://www.laparks.org/dos/reccenter/facility/denkerRC.htm,34.02355276,-118.3045149
Outdoor Fitness Equipment,6th & Gladys Street Park,http://www.laparks.org/dos/parks/facility/6thgladysPk.htm,34.04032,-118.242479
Outdoor Fitness Equipment,Westside Neighborhood Park,http://www.laparks.org/dos/parks/facility/westsideNeighborhoodPk.htm,34.029093,-118.36998
Parks,Lake View Terrace Park,http://www.laparks.org/dos/reccenter/facility/lakeviewTerraceRC.htm,34.27465645,-118.3715831
Parks,Sepulveda Basin Wildlife Reserve,http://www.laparks.org/dos/horticulture/sepulvedabasin.htm,34.178515,-118.474043
Recreation Centers,Ralph C. Daniels Field Sports Center,http://www.laparks.org/dos/reccenter/facility/danFharSC.htm,33.73320205,-118.2955729
Recreation Centers,Tarzana Recreation Center,http://www.laparks.org/dos/reccenter/facility/tarzanaRC.htm,34.17462734,-118.5502669
Parks,Viking Park,http://www.laparks.org/dos/parks/facility/vikingPk.htm,34.27995,-118.545154
Parks,Valley Plaza Park,http://www.laparks.org/dos/parks/facility/valleyPlazaPk.htm,34.192008,-118.400894
Parks,Triangle Park (Marr Park),http://www.laparks.org/dos/parks/facility/trianglePk.htm,33.987518,-118.456343
Parks,Sullivan Canyon Park,http://www.laparks.org/dos/parks/facility/sullivanCynPk.htm,34.073715,-118.509023
Tennis Courts,Branford Tennis Courts,http://www.laparks.org/dos/reccenter/facility/branfordRC.htm,34.23304056,-118.4239358
Universally Accessible Playgrounds,Westchester Recreation Center,http://www.laparks.org/dos/reccenter/facility/westchesterRC.htm,33.95956137,-118.4138213
Parks,Roscoe-Valley Circle Park,http://www.laparks.org/dos/parks/facility/RoscoeValleyCirclePk.htm,34.219649,-118.648127
Universally Accessible Playgrounds,Barry A. Sanders Sports Field,http://www.laparks.org/dos/parks/facility/lakeBalboaPk.htm,34.186672,-118.50107
Skate Parks,Lake Street Skate Park,http://www.laparks.org/dos/parks/skateparks/lakeStSkatePk.htm,34.06874703,-118.270384
Recreation Centers,Sunland Recreation Center,http://www.laparks.org/dos/reccenter/facility/sunlandRC.htm,34.25987785,-118.32201
Outdoor Fitness Equipment,Seily Rodriguez Park,http://www.laparks.org/dos/parks/facility/seilyRodriguezPk.htm,34.092917,-118.313975
Parks,Victory - Vineland Park,http://www.laparks.org/dos/parks/facility/victoryVinelandPk.htm,34.186926,-118.3727
Parks,Castle Peak Park,http://www.laparks.org/dos/parks/facility/castlePeakPk.htm,34.20777332,-118.6528355
Parks,Pan Pacific Park,http://www.laparks.org/dos/parks/facility/panPacificPk.htm,34.07487935,-118.3549473
Dog Parks,Runyon Canyon Dog Park,http://laparks.org/dos/parks/facility/dogparks/runyonCynDogPk.htm,34.10530646,-118.3488732
Parks,76th Street Pocket Park,,33.971023,-118.288267
Parks,El Sereno Arroyo Playground,,34.07980496,-118.1618492
Recreation Centers,Montecito Heights Recreation Center,http://www.laparks.org/dos/reccenter/facility/montecitoHeightsRC.htm,34.095544,-118.20335
Outdoor Fitness Equipment,Evergreen Recreation Center,http://www.laparks.org/dos/reccenter/facility/evergreenRC.htm,34.038954,-118.203476
Parks,Evergreen Park,http://www.laparks.org/dos/reccenter/facility/evergreenRC.htm,34.03913003,-118.2045264
Skate Parks,Stoner Skate Park,http://www.laparks.org/dos/parks/skateparks/stonerSkatePk.htm,34.03844736,-118.4532902

Parks,Rivas Canyon Park,http://www.laparks.org/dos/parks/facility/rivasCynPk.htm,34.051771,-118.516387
Parks,Verdugo Mountain Park,http://www.laparks.org/dos/parks/facility/verdugoMtnPk.htm,34.220172,-118.348827
Universally Accessible Playgrounds,Orthopaedic Hospital Universal Access Playground,http://www.laparks.org/dos/playground/facility/orthoUAPk.htm,34.027994,-118.273605
Parks,Westwood Park,http://www.laparks.org/dos/reccenter/facility/westwoodRC.htm,34.053257,-118.448297
Parks,Griffith Park - Pollywog Area,,34.156427,-118.317609
Recreation Centers,Victory Valley Youth Center,http://www.laparks.org/dos/reccenter/facility/valleyPlazaRC.htm,34.18758094,-118.3998795
Parks,Mcgroarty Cultural Art Center,http://www.laparks.org/dos/parks/facility/mcGroartyPk.htm,34.250876,-118.297399
Parks,Van Nuys Sherman Oaks Park,http://www.laparks.org/dos/reccenter/facility/vanNuysSORC.htm,34.15952933,-118.4425227
Parks,Everett Triangle Park,http://www.laparks.org/dos/parks/facility/everettPk.htm,34.070201,-118.248722
Parks,Griffith Park - Easter Field,http://www.laparks.org/dos/parks/griffithpk/,34.15857872,-118.3029327
Recreation Centers,Poinsettia Recreation Center,http://www.laparks.org/dos/reccenter/facility/poinsettiaRC.htm,34.087752,-118.350031
Tennis Courts,Ralph C. Daniels Field Tennis Courts,http://www.laparks.org/dos/reccenter/facility/danFharSC.htm,33.732934,-118.296371
Parks,Pan Pacific Park - Renee's Place,http://www.laparks.org/dos/playground/facility/panPacificUAPPk.htm,34.07487935,-118.3549473

Golf Courses,Rancho Park 3-Par Golf Course,http://golf.lacity.org/cdp_rancho_p3.htm,34.04737,-118.414689
Parks,Whitsett Fields Park,http://www.laparks.org/dos/parks/facility/whitsettFieldsPk.htm,34.198513,-118.404992
Skate Parks,Lanark Skate Plaza,http://www.laparks.org/dos/reccenter/facility/lanarkRC.htm,34.21743314,-118.6038772
Parks,De Neve Square Park,http://www.laparks.org/dos/parks/facility/deNeveSquPk.htm,34.08425,-118.43496
Tennis Courts,Poinsettia Tennis Courts,http://www.laparks.org/dos/reccenter/facility/poinsettiaRC.htm,34.088311,-118.348969
Parks,Mandeville Canyon Park,http://www.laparks.org/dos/parks/facility/mandevilleCanyonPk.htm,34.085468,-118.509006
Parks,East Los Angeles Park,http://www.laparks.org/dos/parks/facility/eastLAPk.htm,34.07714,-118.20731
Recreation Centers,Branford Recreation Center,http://www.laparks.org/dos/reccenter/facility/branfordRC.htm,34.23337931,-118.4232809
Parks,Valley Glen Community Park,http://www.laparks.org/dos/parks/facility/valleyGlenPk.htm,34.182953,-118.418285
Recreation Centers,Hubert H. Humphrey Recreation Center,http://www.laparks.org/dos/reccenter/facility/huberthumphreyRC.htm,34.28181122,-118.4074686
Recreation Centers,Imperial Courts Recreation Center,http://www.laparks.org/dos/reccenter/facility/imperialcourtsRC.htm,33.93125654,-118.2324199
Parks,Libbit Park,http://www.laparks.org/dos/parks/facility/libbitPark.htm,34.16248827,-118.4880815
Parks,Bellevue Park,http://www.laparks.org/dos/reccenter/facility/bellevueRC.htm,34.084016,-118.283446
Outdoor Fitness Equipment,North Hollywood Park,http://www.laparks.org/dos/reccenter/facility/northHollywoodRC.htm,34.1679113,-118.3798722
Parks,Glenhurst Park,http://www.laparks.org/dos/parks/facility/glenhurstPk.htm,34.110233,-118.252805
Recreation Centers,El Sereno Recreation Center,http://www.laparks.org/dos/reccenter/facility/elSerenoRC.htm,34.075694,-118.1815698
Parks,Robert F. Kennedy Inspiration Park,,34.06173,-118.297572
Tennis Courts,Griffith Park - Riverside Tennis Courts,http://www.laparks.org/dos/sports/tennis/facility/riversideTC.htm,34.116327,-118.270274
Parks,East Wilmington Vest Pocket Park,http://www.laparks.org/dos/parks/facility/eastWilmingtonVestPocketPk.htm,33.79253,-118.248116
Recreation Centers,Yosemite Recreation Center,http://www.laparks.org/dos/reccenter/facility/yosemiteRC.htm,34.13344093,-118.2080976
Parks,Reynier Park,http://www.laparks.org/dos/parks/facility/reynierPk.htm,34.03563676,-118.3861321
Skate Parks,Westchester Skate Park,http://www.laparks.org/dos/parks/skateparks/westchesterSkatePk.htm,33.959143,-118.414785
Parks,Vanalden Park,http://www.laparks.org/dos/parks/facility/vanaldenPk.htm,34.233207,-118.547435
Parks,North Hollywood Park / Dave Potell Memorial Sports Facility,http://www.laparks.org/dos/reccenter/facility/davePotellMemSp.htm,34.165107,-118.381644
Parks,Lincoln Park,http://www.laparks.org/dos/parks/facility/lincolnPk.htm,34.06561417,-118.2018369
Parks,Wilmington Town Square Park,http://www.laparks.org/dos/parks/facility/wilmingtonTownPk.htm,33.780997,-118.261862
Parks,Barrington Park,http://www.laparks.org/dos/reccenter/facility/barringtonRC.htm,34.06137723,-118.4686951
Parks,Seoul International Park,http://www.laparks.org/dos/parks/facility/seoulInterPk.htm,34.05435479,-118.3016258
Parks,Laurel Canyon Park,http://www.laparks.org/dos/parks/facility/laurelCanyonPk.htm,34.122205,-118.37808
Gardens,El Sereno Community Garden,,34.092346,-118.161574
Parks,Hartland Mini Park,http://www.laparks.org/dos/parks/facility/hartlandMiniPk.htm,34.194811,-118.430887
Outdoor Fitness Equipment,North East Valley Multipurpose Center,,34.276262,-118.413154
Recreation Centers,Jordan Downs Recreation Center,http://www.laparks.org/dos/reccenter/facility/jordanDownsRC.htm,33.94612146,-118.2365773
Parks,Corbin Canyon Park,,34.157327,-118.563498
Gardens,Sepulveda Garden Center,http://www.laparks.org/dos/horticulture/sepulveda.htm,34.165368,-118.495504
Recreation Centers,Rose Hill Recreation Center,http://www.laparks.org/dos/reccenter/facility/roseHillRC.htm,34.08582337,-118.1898844
Golf Courses,Tregnan Golf Academy,http://www.laparks.org/golf/tregnan.htm,34.121156,-118.275261
Universally Accessible Playgrounds,South Park Recreation Center,http://www.laparks.org/dos/reccenter/facility/southPkRC.htm,33.997417,-118.267651
Skate Parks,Lincoln Park Skate Park,http://www.laparks.org/dos/parks/skateparks/lincolnParkSkatePk.htm,34.06561417,-118.2018369
Hiking Trails,Limekiln Canyon Park,http://www.laparks.org/dos/parks/facility/limekilnCanyonPk.htm,34.284817,-118.563025
Parks,Ramon D. Garcia Park,http://www.laparks.org/dos/reccenter/facility/ramonGarciaRC.htm,34.027589,-118.206397
Parks,Delano Park,http://www.laparks.org/dos/reccenter/facility/delanoRC.htm,34.18280315,-118.4621585
Recreation Centers,Westwood Recreation Complex,http://www.laparks.org/dos/reccenter/facility/westwoodRC.htm,34.053472,-118.44793
Outdoor Fitness Equipment,Tiara Street Park,,34.178441,-118.382361
Parks,Van Nuys Park,http://www.laparks.org/dos/reccenter/facility/VanNuysRC.htm,34.19405925,-118.4446325
Hiking Trails,Aliso Canyon Park,http://www.laparks.org/dos/parks/facility/alisoCanyonPk.htm,34.27891,-118.526823
Parks,Yucca Park,http://www.laparks.org/dos/parks/facility/yuccaPk.htm,34.10331572,-118.3355345
Parks,Crestwood Hills Park,http://www.laparks.org/dos/reccenter/facility/crestwoodHillsRC.htm,34.07661042,-118.4889191
Recreation Centers,East Wilmington Greenbelt Community Center,http://www.laparks.org/dos/reccenter/facility/EastwilmingtonGrnBeltComC.htm,33.78265654,-118.2503383
Recreation Centers,Queen Anne Recreation Center,http://www.laparks.org/dos/reccenter/facility/queenAnneRC.htm,34.05036819,-118.3329434
Recreation Centers,Metro/Pacific Municipal Sports,http://www.laparks.org/dos/sports/sports.htm,34.13325553,-118.2728568
Parks,Serrania Avenue Park,http://www.laparks.org/dos/parks/facility/serraniaPk.htm,34.15751,-118.585927
Recreation Centers,Shatto Recreation Center,http://www.laparks.org/dos/reccenter/facility/shattoRC.htm,34.067447,-118.289338
Parks,Culver Slauson Park,http://www.laparks.org/dos/parks/facility/culverSlausonPk.htm,33.993614,-118.406907
Parks,Griffith Park - Bronson Canyon,http://www.laparks.org/dos/parks/facility/bronsonCanyonGP.htm,34.127171,-118.31077
Parks,Hazard Park,http://www.laparks.org/dos/parks/facility/hazardPk.htm,34.06067723,-118.2008547
Parks,Sylmar Park,http://www.laparks.org/dos/parks/facility/sylmarPk.htm,34.30827253,-118.4445011
Skate Parks,Wilmington Skate Park (Ambassador Skate Park),http://www.laparks.org/dos/parks/skateparks/wilmingtonSkatePk.htm,33.77313982,-118.2686791
Parks,Greayer's Oak Mini Park,http://www.laparks.org/dos/parks/facility/graeyorsOakPk.htm,34.09023935,-118.2124151
Parks,Briarwood Park,http://www.laparks.org/dos/parks/facility/briarwoodPk.htm,34.119035,-118.443947
Tennis Courts,Sycamore Grove Tennis Courts,http://www.laparks.org/dos/parks/facility/sycamorePk.htm,34.101465,-118.201347
Parks,Media Park,http://www.laparks.org/dos/parks/facility/mediaPk.htm,34.02647,-118.39306
Parks,De Longpre Park,http://www.laparks.org/dos/parks/facility/deLongprePk.htm,34.095934,-118.334692
Parks,Vista Hermosa Park,http://www.laparks.org/dos/parks/facility/vistaHermosaPk.htm,34.06195635,-118.2582994
Universally Accessible Playgrounds,Hazard Recreation Center,http://www.laparks.org/dos/reccenter/facility/hazardRC.htm,34.060295,-118.200702
Recreation Centers,Gilbert W. Lindsay Recreation Center,http://www.laparks.org/dos/reccenter/facility/gilbertLindsayRC.htm,34.00661929,-118.2677641
Parks,Encino Park,http://www.laparks.org/dos/parks/facility/encinoPk.htm,34.15982855,-118.5025721
Tennis Courts,Sepulveda Tennis Courts,http://www.laparks.org/dos/reccenter/facility/sepulvedaRC.htm,34.23005873,-118.4575623
Recreation Centers,Chatsworth Park South Recreation Center,http://www.laparks.org/dos/reccenter/facility/chatsworthRC.htm,34.25791374,-118.6149639
Recreation Centers,Chevy Chase Recreation Center,http://www.laparks.org/dos/reccenter/facility/chevyChaseRC.htm,34.133432,-118.266546
Recreation Centers,Fernangeles Recreation Center,http://www.laparks.org/dos/reccenter/facility/fernangelesRC.htm,34.229345,-118.400978
Parks,Del Rey Lagoon,http://www.laparks.org/dos/parks/facility/delReyLagoonPk.htm,33.96011416,-118.4499221
Parks,Jim Gilliam Park,http://www.laparks.org/dos/reccenter/facility/jimGilliamRC.htm,34.011922,-118.351674
Outdoor Fitness Equipment,West Adams Heights Park,,34.03883,-118.300475
Parks,Chevy Chase Park,http://www.laparks.org/dos/parks/facility/chevyChasePk.htm,34.133531,-118.2667127
Golf Courses,Hansen Dam Golf Course,http://www.golf.lacity.org/cdp_hansen.htm,34.258801,-118.395868
Equestrian Centers,L.A. Equestrian Center,http://www.la-equestriancenter.com/,34.160704,-118.310131
Recreation Centers,Pecan Recreation Center,http://www.laparks.org/dos/reccenter/facility/pecanRC.htm,34.04652101,-118.2220261
Outdoor Fitness Equipment,Hollenbeck Park,http://www.laparks.org/dos/parks/facility/hollenbeckPk.htm,34.04136456,-118.2160944
Parks,John S. Gibson Jr. Park,http://www.laparks.org/dos/parks/facility/GibsonJSJrPk.htm,33.739653,-118.279649
Parks,Runnymede Park,http://www.laparks.org/dos/parks/facility/runnymedePk.htm,34.20585859,-118.5732396
Parks,Elysian Park - Montecillo De Leo Politi,http://www.laparks.org/dos/parks/facility/montecilloDeLeoPolitiPk.htm,34.078382,-118.246633
Tennis Courts,Saint Andrews Tennis Courts,http://www.laparks.org/dos/reccenter/facility/stAndrewsRC.htm,33.95973995,-118.3114526
Parks,Eagle Rock Park,http://www.laparks.org/dos/reccenter/facility/eagleRockRC.htm,34.142988,-118.18805
Golf Courses,Harbor Park Golf Course,http://www.laparks.org/golf/cdp_harbor.htm,33.787333,-118.282907
Parks,Woodland Hills Park (Shoup Park),http://www.laparks.org/dos/reccenter/facility/woodlandHillsRC.htm,34.175927,118.614495
Skate Parks,Imperial Courts Skate Park,http://www.laparks.org/dos/parks/skateparks/imperialCourtsSkatePk.htm,33.93125654,-118.2324199
Parks,Limekiln Canyon Park,http://www.laparks.org/dos/parks/facility/limekilnCanyonPk.htm,34.284817,-118.563025
Recreation Centers,Ross Snyder Recreation Center,http://www.laparks.org/dos/reccenter/facility/rossSnyderRC.htm,34.00871681,-118.2473934
Skate Parks,Hollenbeck Safe Spot Skate Spot,http://www.laparks.org/dos/parks/skateparks/hollenbeckSkatePk.htm,34.04136456,-118.2160944
Parks,Yosemite Park,http://www.laparks.org/dos/reccenter/facility/yosemiteRC.htm,34.133742,-118.20819
Outdoor Fitness Equipment,Hoover Recreation Center,http://www.laparks.org/dos/reccenter/facility/hooverRC.htm,34.03273559,-118.2830944
Golf Courses,Harding Golf Course,http://golf.lacity.org/cdp_harding.htm,34.144505,-118.289258
Parks,Chesterfield Square Park,http://www.laparks.org/dos/parks/facility/chesterfieldSquPk.htm,33.99308909,-118.3129281
Recreation Centers,Mason Youth Center,http://www.laparks.org/dos/reccenter/facility/masonRC.htm,34.26154428,-118.5798211
Recreation Centers,Cypress Recreation Center,http://www.laparks.org/dos/reccenter/facility/cypressRC.htm,34.0894357,-118.2255846
Hiking Trails,Jim Gilliam Park,http://www.laparks.org/dos/reccenter/facility/jimGilliamRC.htm,34.011922,-118.351674
Tennis Courts,Panorama City Tennis Courts,http://www.laparks.org/dos/reccenter/facility/panoramaRC.htm,34.228189,-118.441323
Recreation Centers,Sherman Oaks Castle Park,http://www.laparks.org/shermanoaks_castlepk/index.htm,34.16115111,-118.4664309
Dog Parks,Westminster Dog Park,http://www.laparks.org/dos/parks/facility/dogparks/westminsterDogPk.htm,33.990323,-118.473283
Parks,David M. Gonzales / Pacoima Park,http://www.laparks.org/dos/reccenter/facility/davidMGonzalesRC.htm,34.26921299,-118.4130658
Parks,Tarzana Park,http://www.laparks.org/dos/reccenter/facility/tarzanaRC.htm,34.17462734,-118.5502669
Parks,111th Place Pocket Park,,33.934202,-118.271246
Parks,Kagel Canyon Park,http://www.laparks.org/dos/parks/facility/kagelCanyonPk.htm,34.28069157,-118.3804559
Parks,Palisades Park,http://www.laparks.org/dos/parks/facility/palisadesPk.htm,34.042845,-118.524815
Parks,Warner Ranch Park,http://www.laparks.org/dos/parks/facility/warnerRanchPk.htm,34.17549801,-118.6056172
Recreation Centers,Echo Park Recreation Center,http://www.laparks.org/dos/reccenter/facility/echoParkRC.htm,34.069801,-118.260119
Parks,Circle / Gramercy Park,http://www.laparks.org/dos/parks/facility/circlePk.htm,33.970976,-118.313323
Tennis Courts,Northridge Tennis Courts,http://www.laparks.org/dos/reccenter/facility/northridgeRC.htm,34.25529,-118.53226
Parks,Harbor Sports Center,http://www.laparks.org/dos/reccenter/facility/harborSC.htm,33.78742375,-118.2819333
Outdoor Fitness Equipment,Wilmington Recreation Center,http://www.laparks.org/dos/reccenter/facility/wilmingtonRC.htm,33.77313982,-118.2686791
Parks,Gaffey Street Field of Dreams,http://www.laparks.org/dos/parks/facility/fieldofdreams.htm,33.763701,-118.290965
Outdoor Fitness Equipment,Fox & Laurel Park,,34.271638,-118.446271
Parks,Rancho Cienega Park,http://www.laparks.org/dos/reccenter/facility/ranchocienegaRC.htm,34.02167021,-118.351823
Tennis Courts,Westwood Tennis Courts,http://www.laparks.org/dos/sports/tennis/facility/westwoodTC.htm,34.053422,-118.449
Tennis Courts,Ross Snyder Tennis Courts,http://www.laparks.org/dos/reccenter/facility/rossSnyderRC.htm,34.00871681,-118.2473934
Parks,Jesse Owens Mini Park,http://www.laparks.org/dos/parks/facility/jesseOwensPk.htm,34.199824,-118.518445
Tennis Courts,Banning Tennis Courts,http://www.laparks.org/dos/reccenter/facility/banningRC.htm,33.790926,-118.256938
Outdoor Fitness Equipment,MacArthur Park,http://www.laparks.org/dos/parks/facility/macArthurPk.htm,34.06035058,-118.2770864
Parks,Hope and Peace Park,http://www.laparks.org/dos/parks/facility/hopePeacePocketPk.htm,34.05276205,-118.2764751
Parks,Queen Anne Park,http://www.laparks.org/dos/reccenter/facility/queenAnneRC.htm,34.0507319,-118.33286
Universally Accessible Playgrounds,Hansen Dam Park,http://www.laparks.org/dos/reccenter/facility/hansendamRC.htm,34.273758,-118.383484
Recreation Centers,Oakwood Recreation Center,http://www.laparks.org/dos/reccenter/facility/oakwoodRC.htm,33.99447842,-118.4635489
Parks,Harbor Highlands Park,http://www.laparks.org/dos/parks/facility/harborHighlandsPk.htm,33.75780373,-118.2966521
Parks,Penmar Park,http://www.laparks.org/dos/reccenter/facility/penmarRC.htm,34.00618864,-118.455831
Parks,Fulton Avenue Park,,34.194264,-118.422318
Skate Parks,El Sereno Skate Park,http://www.laparks.org/dos/parks/skateparks/elSerenoSkatePk.htm,34.075694,-118.1815698
Parks,North Weddington Park,http://www.laparks.org/dos/parks/facility/weddingtonPkNo.htm,34.145564,-118.366144
Recreation Centers,Valley Plaza Recreation Center,http://www.laparks.org/dos/reccenter/facility/valleyPlazaRC.htm,34.19200843,-118.4008938
Recreation Centers,Ritchie Valens Recreation Center,http://www.laparks.org/dos/reccenter/facility/ritchievalensRC.htm,34.265818,-118.438725
Outdoor Fitness Equipment,Lemon Grove Park,http://www.laparks.org/dos/reccenter/facility/lemonGroveRC.htm,34.08634611,-118.3046676
Parks,Griffith Park Visitor Center Auditorium,http://www.laparks.org/dos/ranger/auditorium.htm,34.132522,-118.280284
Recreation Centers,Seoul International Recreation Center,http://www.laparks.org/dos/reccenter/facility/seoulInterRC.htm,34.05435479,-118.3016258
Parks,Jackie Tatum / Harvard Park,http://www.laparks.org/dos/reccenter/facility/jackieTatumRC.htm,33.98334823,-118.303593
Parks,William Nickerson Gardens Park,http://www.laparks.org/dos/reccenter/facility/williamNickersonRC.htm,33.932182,-118.246727
Recreation Centers,Panorama City Recreation Center,http://www.laparks.org/dos/reccenter/facility/panoramaRC.htm,34.22673102,-118.4413338
Tennis Courts,Loren Miller Tennis Courts,http://www.laparks.org/dos/reccenter/facility/lorenMillerRC.htm,34.030545,-118.303731
Skate Parks,Sunland Skate Park,http://www.laparks.org/dos/parks/skateparks/sunlandSkatePk.htm,34.25987785,-118.3220099
Outdoor Fitness Equipment,Van Ness Park,http://www.laparks.org/dos/reccenter/facility/vanNessRC.htm,33.99082417,-118.319119
Parks,Benny H. Potter West Adams Avenues Memorial Park,http://www.laparks.org/dos/parks/facility/bennyHPotterPk.htm,34.035039,-118.318677
Skate Parks,Pedlow Skate Park,http://www.laparks.org/dos/parks/skateparks/pedlowSkatePk.htm,34.185931,-118.511611
Parks,Irving Schachter Park,http://www.laparks.org/dos/parks/facility/irvingSchachterPk.htm,34.040044,-118.398926
Parks,Greayer's Oak Park,,34.09059,-118.212182
Parks,Griffith Park - Old Zoo Picnic Area,http://www.laparks.org/dos/parks/facility/griffithPk.htm,34.135456,-118.286337
Parks,Hollywood Park,http://www.laparks.org/dos/reccenter/facility/hollywoodRC.htm,34.09132457,-118.3297572
Tennis Courts,Mar Vista Tennis Courts,http://www.laparks.org/dos/reccenter/facility/marVistaRC.htm,34.01785493,-118.4294632
Parks,Watts Cultural Crescent,,33.940048,-118.242452
Outdoor Fitness Equipment,Hermon / Arroyo Seco Park,http://www.laparks.org/dos/parks/facility/arroyoSPk.htm,34.104402,-118.187327
Parks,Westside Neighborhood Park,http://www.laparks.org/dos/parks/facility/westsideNeighborhoodPk.htm,34.029093,-118.36998
Parks,Telfair Park (Valleycrest Park),http://www.laparks.org/dos/parks/facility/telfairPk.htm,34.304228,-118.472861
Outdoor Fitness Equipment,Trinity Park,http://www.laparks.org/dos/reccenter/facility/trinityRC.htm,34.02385032,-118.2634554
Parks,Grigsby Pocket Park,,33.930249,-118.240227
Outdoor Fitness Equipment,4600 Orchard Ave Pocket Park,,34.001558,-118.288625
Parks,Cypress Park Library,,34.091029,-118.22264
Outdoor Fitness Equipment,South Park,http://www.laparks.org/dos/reccenter/facility/southPkRC.htm,33.99664406,-118.268573
Universally Accessible Playgrounds,De Garmo Park,http://www.laparks.org/dos/parks/facility/deGarmoPk.htm,34.214719,-118.352383
Tennis Courts,Sylmar Tennis Courts,http://www.laparks.org/dos/parks/facility/sylmarPk.htm,34.30827253,-118.4445011
Universally Accessible Playgrounds,Shadow Ranch Park,http://www.laparks.org/dos/parks/facility/shadowranchPk.htm,34.19390248,-118.6197081
Recreation Centers,Peck Park Community Center,http://www.laparks.org/dos/reccenter/facility/peckParkComCtr.htm,33.749759,-118.306733
Parks,Westwood Gardens Park,,34.057518,-118.441597
Recreation Centers,North Weddington Park Community Center,http://www.laparks.org/dos/reccenter/facility/northWeddingtonRC.htm,34.145768,-118.36709
Outdoor Fitness Equipment,Griffith Park - Park Center,http://www.laparks.org/dos/parks/facility/parkCenter.htm,34.134213,-118.282994
Universally Accessible Playgrounds,Westwood Park - Aidan's Place,http://www.laparks.org/dos/playground/facility/westwoodUAPRC.htm,34.052676,-118.448107
Parks,Lake Street Park,http://www.laparks.org/dos/parks/facility/lakeStPk.htm,34.06874703,-118.270384
Parks,La Mirada Park Acquisition Site,,34.094208,-118.306999
Recreation Centers,Sepulveda Recreation Center,http://www.laparks.org/dos/reccenter/facility/sepulvedaRC.htm,34.23005873,-118.4575623
Outdoor Fitness Equipment,Gage and Avalon Pocket Park,,33.982212,-118.265352
Parks,6th & Gladys Street Park,http://www.laparks.org/dos/parks/facility/6thgladysPk.htm,34.04032,-118.242479
Tennis Courts,Sunland Tennis Courts,http://www.laparks.org/dos/reccenter/facility/sunlandRC.htm,34.25987785,-118.3220099
Recreation Centers,Silver Lake Recreation Center,http://www.laparks.org/dos/reccenter/facility/silverLakeRC.htm,34.09250232,-118.2668935
Parks,Lanark/Shelby Mini-Park,http://www.laparks.org/dos/parks/facility/lanarkShelbyPk.htm,34.135325,-118.187511
Outdoor Fitness Equipment,State Street Recreation Center,http://www.laparks.org/dos/reccenter/facility/stateStreetRC.htm,34.053064,-118.212879
Parks,Mount Carmel Park,http://www.laparks.org/dos/parks/facility/mountCarmelPk.htm,33.97624967,-118.2884111
Parks,Rena Park,http://www.laparks.org/dos/parks/facility/renaPk.htm,33.7476902,-118.3010596
Tennis Courts,Peck Park Tennis Courts,http://www.laparks.org/dos/reccenter/facility/peckParkComCtr.htm,33.751038,-118.306167
Parks,Santa Ynez Canyon Park,http://www.laparks.org/dos/parks/facility/santaYnezCynPk.htm,34.071875,-118.567409
Parks,Palms Park,http://www.laparks.org/dos/reccenter/facility/palmsRC.htm,34.03286932,-118.4177271
Recreation Centers,Wabash Recreation Center,http://www.laparks.org/dos/reccenter/facility/wabashRC.htm,34.05070789,-118.1981928
Tennis Courts,Studio City Tennis Courts,http://www.laparks.org/dos/reccenter/facility/studioCityRC.htm,34.15137297,-118.4079843
Tennis Courts,Griffith Park - Park Drive Tennis Courts,http://www.laparks.org/dos/parks/griffithpk/tennis.htm,34.133139,-118.282567
Parks,Denker Park,http://www.laparks.org/dos/reccenter/facility/denkerRC.htm,34.02355276,-118.3045149
Universally Accessible Playgrounds,Stoner Park,http://www.laparks.org/dos/reccenter/facility/stonerRC.htm,34.03844736,-118.4532902
Parks,Unidad Park,,34.063995,-118.264551
Tennis Courts,Shatto Tennis Courts,http://www.laparks.org/dos/reccenter/facility/shattoRC.htm,34.067287,-118.289251
Parks,Chatsworth Oaks Park,http://www.laparks.org/dos/parks/facility/chatsworthOaksPk.htm,34.23993,-118.629054
Parks,Via Dolce Park,,33.978686,-118.462029
Dog Parks,Griffith Park Dog Park,http://www.laparks.org/dos/parks/facility/dogparks/griffithParkDogPk.htm,34.155503,-118.286021
Parks,Chatsworth Park South,http://www.laparks.org/dos/parks/facility/chatsworthPkSouth.htm,34.260329,-118.616081
Tennis Courts,Encino Park Tennis Courts,http://www.laparks.org/dos/parks/facility/encinoPk.htm,34.161489,-118.503031
Equestrian Centers,Stetson Ranch Park,http://www.laparks.org/dos/parks/facility/stetsonRanchPk.htm,34.324324,-118.477802
Universally Accessible Playgrounds,Lake Street Park,http://www.laparks.org/dos/parks/facility/lakeStPk.htm,34.06874703,-118.270384
Recreation Centers,Palms Youth Center,http://www.laparks.org/dos/reccenter/facility/palmsRC.htm,34.03335767,-118.418118
Parks,Westwood Park - Aidan's Place,http://www.laparks.org/dos/playground/facility/westwoodUAPRC.htm,34.052676,-118.448107
Parks,Palisades-Asilomar Park,,34.03984,-118.536183
Outdoor Fitness Equipment,Gilbert W. Lindsay Recreation Center,http://www.laparks.org/dos/reccenter/facility/gilbertLindsayRC.htm,34.00661929,-118.2677641
Dog Parks,Laurel Canyon Dog Park,http://www.laparks.org/dos/parks/facility/dogparks/laurelCynDogPk.htm,34.122195,-118.378066
Hiking Trails,Ernest E. Debs Regional Park,http://www.laparks.org/dos/parks/facility/debsEERegionalPk.htm,34.095367,-118.190495
Recreation Centers,Fred Roberts Recreation Center,http://www.laparks.org/dos/reccenter/facility/fredRobertsRC.htm,34.000886,-118.24401
Parks,Fox & Laurel Park,,34.271638,-118.446271
Tennis Courts,Van Ness Tennis Courts,http://www.laparks.org/dos/reccenter/facility/vanNessRC.htm,33.99082417,-118.319119
Recreation Centers,Victory - Vineland Recreation Center,http://www.laparks.org/dos/reccenter/facility/victoryVinelandRC.htm,34.18685414,-118.3729476
Outdoor Fitness Equipment,Eagle Rock Park,http://www.laparks.org/dos/reccenter/facility/eagleRockRC.htm,34.142988,-118.18805
Parks,Griffith Park - Ceta Forest,http://www.laparks.org/dos/parks/facility/cetaForestPk.htm,34.155128,-118.30145
Recreation Centers,Lincoln Heights Youth Center,http://www.laparks.org/dos/reccenter/facility/lincolnHghtYC.htm,34.075537,-118.211513
Parks,Genesee Avenue Park,http://www.laparks.org/dos/parks/facility/geneseeAvePk.htm,34.03688,-118.36858
Parks,Beverly Glen Park,http://www.laparks.org/dos/parks/facility/beverlyGlenPk.htm,34.11474,-118.44381
Parks,Sycamore Grove Park,http://www.laparks.org/dos/parks/facility/sycamorePk.htm,34.1019,-118.202996
Parks,Harold A. Henry Park,http://www.laparks.org/dos/parks/facility/haroldAHenryPk.htm,34.057644,-118.32489
Parks,Pico Union Park,http://www.laparks.org/dos/parks/facility/picoUnionVestPk.htm,34.04106831,-118.2842068
Outdoor Fitness Equipment,Sycamore Grove Park,http://www.laparks.org/dos/parks/facility/sycamorePk.htm,34.1019,-118.202996
Parks,Parthenia Park,http://www.laparks.org/dos/parks/facility/partheniaPk.htm,34.2280404,-118.5992153
Outdoor Fitness Equipment,Woodbridge Park,http://www.laparks.org/dos/parks/facility/woodbridgePk.htm,34.15021183,-118.3764461
Beaches,Venice Beach,http://www.laparks.org/dos/reccenter/facility/veniceBeachRC.htm,33.985013,-118.474064
Recreation Centers,Lou Costello (Hostetter) Recreation Center,http://www.laparks.org/dos/reccenter/facility/louCostelloRC.htm,34.02048437,-118.2108829
Hiking Trails,Griffith Park,http://www.laparks.org/dos/parks/griffithPK/index.htm,34.1182,-118.272105
Lakes,Hollenbeck Lake,http://www.laparks.org/dos/aquatic/facility/hollenbecklake.htm,34.04136456,-118.2160944
Parks,Normandale Park,http://www.laparks.org/dos/reccenter/facility/normandaleRC.htm,33.82313579,-118.301425
Recreation Centers,Carlin G. Smith Recreation Center,http://www.laparks.org/dos/reccenter/facility/carlinGSmithRC.htm,34.10201827,-118.2110915
Parks,LAPD SWAT Officer Randal D. Simmons Park,,34.19276974,-118.5448566
Universally Accessible Playgrounds,Mason Park,http://www.laparks.org/dos/parks/facility/masonPk.htm,34.26093639,-118.5796615
Recreation Centers,David M. Gonzales / Pacoima Recreation Center,http://www.laparks.org/dos/reccenter/facility/davidMGonzalesRC.htm,34.26921299,-118.4130658
Parks,El Paseo De Cahuenga Park,http://www.laparks.org/dos/parks/facility/elPaseoDeCahuengaPk.htm,34.13059,-118.349673
Universally Accessible Playgrounds,Dearborn Park,http://www.laparks.org/dos/parks/facility/dearbornPk.htm,34.23581729,-118.507668
Parks,Winnetka Park,,34.222383,-118.571596
Parks,Griffith Park Crystal Springs,http://www.laparks.org/dos/parks/facility/crystalSpringsPk.htm,34.133005,-118.280751
Universally Accessible Playgrounds,Glen Alla Park,http://www.laparks.org/dos/parks/facility/glenAllaPk.htm,33.984438,-118.431009
Recreation Centers,Eagle Rock Recreation Center,http://www.laparks.org/dos/reccenter/facility/eagleRockRC.htm,34.142988,-118.18805
Parks,Gage and Avalon Pocket Park,,33.982212,-118.265352
Universally Accessible Playgrounds,Rosecrans Park,http://www.laparks.org/dos/reccenter/facility/rosecransRC.htm,33.8967552,-118.29132
Golf Courses,Penmar Golf Course,http://www.golf.lacity.org/cdp_penmar.htm,34.00644708,-118.4583439
Recreation Centers,Martin J. Bogdanovich Recreation Center,http://www.laparks.org/dos/reccenter/facility/bogdanovichRC.htm,33.730086,-118.319877
Skate Parks,Jackie Tatum Skate Plaza,http://www.laparks.org/dos/parks/skateparks/jackieTatumSkatePk.htm,33.984177,-118.303512
Recreation Centers,Mason Recreation Center,http://www.laparks.org/dos/reccenter/facility/masonRC.htm,34.261179,-118.579392
Parks,Marson Park,,34.215494,-118.465863
Outdoor Fitness Equipment,Leland Park,http://www.laparks.org/dos/parks/facility/lelandPk.htm,33.75092412,-118.2959786
Parks,Cheviot Hills Park,http://www.laparks.org/dos/parks/facility/cheviotHillsPk.htm,34.046898,-118.408263
Skate Parks,Venice Skate Park,http://www.laparks.org/dos/parks/skateparks/veniceSkatePk.htm,33.98570187,-118.4726212
Parks,Northridge Park,http://www.laparks.org/dos/reccenter/facility/northridgeRC.htm,34.25529,-118.53226
Recreation Centers,Boyle Heights Sports Center,http://www.laparks.org/dos/reccenter/facility/boyleHeightsSC.htm,34.03237744,-118.213784
Recreation Centers,Trinity Recreation Center,http://www.laparks.org/dos/reccenter/facility/trinityRC.htm,34.024201,-118.263067
Hiking Trails,Runyon Canyon Park,http://www.laparks.org/dos/parks/facility/runyoncanyonpk.htm,34.10530646,-118.3488732
Parks,Little Green Acres Park,http://www.laparks.org/dos/parks/facility/littleGreenAcresPk.htm,33.94164,-118.2914
Recreation Centers,Van Nuys Sherman Oaks Recreation Center,http://www.laparks.org/dos/reccenter/facility/vanNuysSORC.htm,34.15952933,-118.4425227
Parks,West Hills Sports Center,http://www.laparks.org/dos/reccenter/facility/westHillsSportsCtr.htm,34.198488,-118.656697
Parks,Mason Park,http://www.laparks.org/dos/parks/facility/masonPk.htm,34.26093639,-118.5796615
Parks,Kittridge Mini-Park,http://www.laparks.org/dos/parks/facility/kittridgeMiniPk.htm,34.19029764,-118.4258369
Universally Accessible Playgrounds,Martin Luther King Jr. Recreation Center,http://www.laparks.org/dos/reccenter/facility/martinLKTRC.htm,34.01394464,-118.3087893
Parks,Strathern Park North,http://www.laparks.org/dos/parks/facility/strathernPkNorth.htm,34.216954,-118.406176
Universally Accessible Playgrounds,Hermon / Arroyo Seco Park,http://www.laparks.org/dos/parks/facility/arroyoSPk.htm,34.104402,-118.187327
Parks,Tobias Avenue Park,http://www.laparks.org/dos/parks/facility/tobiasPk.htm,34.23634,-118.45151
Tennis Courts,Lafayette Tennis Courts,http://www.laparks.org/dos/reccenter/facility/lafayetteMCC.htm,34.061193,-118.283801
Universally Accessible Playgrounds,Anthony C. Beilenson Park,http://www.laparks.org/dos/aquatic/balboa/index.htm,34.181624,-118.500922
Rental Facilities,Encino Women's Club,,34.160398,-118.501849
Parks,Augustus F. Hawkins Natural Park,http://www.laparks.org/dos/reccenter/facility/augustusHawkinsNatureCtr.htm,33.990292,-118.247712
Recreation Centers,Elysian Park Recreation Center,http://www.laparks.org/dos/reccenter/facility/elysianPkTRC.htm,34.081153,-118.237908
Tennis Courts,Yosemite Tennis Courts,http://www.laparks.org/dos/reccenter/facility/yosemiteRC.htm,34.133742,-118.20819
Parks,Trinity Park,http://www.laparks.org/dos/reccenter/facility/trinityRC.htm,34.02385032,-118.2634554
Recreation Centers,Woodland Hills Recreation Center,http://www.laparks.org/dos/reccenter/facility/woodlandHillsRC.htm,34.17704227,-118.6144423
Parks,Angels Gate Park,http://www.laparks.org/dos/reccenter/facility/angelsGateRC.htm,33.709707,-118.293817
Parks,Balboa Park,http://www.laparks.org/dos/reccenter/facility/balboaSportsComplex.htm,34.172985,-118.501841
Parks,Knapp Ranch Park,http://www.laparks.org/dos/parks/facility/knappRanchPk.htm,34.189237,-118.658999
Parks,Leimert Plaza Park,http://www.laparks.org/dos/parks/facility/leimertPlazaPk.htm,34.003937,-118.330564
Parks,Woodbine Park,http://www.laparks.org/dos/parks/facility/woodbinePk.htm,34.02800986,-118.4084365
Golf Courses,Encino 18-Hole Golf Course,http://www.laparks.org/golf/cdp_encino.htm,34.169876,-118.497232
Recreation Centers,Echo Park Community Center,http://www.laparks.org/dos/reccenter/facility/echoparkRC.htm,34.06545,-118.259304
Recreation Centers,Vineyard Recreation Center,http://www.laparks.org/dos/reccenter/facility/vineyardRC.htm,34.02828057,-118.34653
Recreation Centers,Winnetka Recreation Center,http://www.laparks.org/dos/reccenter/facility/winnetkaRC.htm,34.222383,-118.571596
Parks,Leland Park,http://www.laparks.org/dos/parks/facility/lelandPk.htm,33.75092412,-118.2959786
Tennis Courts,Green Meadows Tennis Courts,http://www.laparks.org/dos/reccenter/facility/greenMeadowsRC.htm,33.956221,-118.268762
Parks,Loren Miller Park,http://www.laparks.org/dos/reccenter/facility/lorenMillerRC.htm,34.03026082,-118.3030305
Outdoor Fitness Equipment,Algin Sutton Recreation Center,http://www.laparks.org/dos/reccenter/facility/alginSuttonRC.htm,33.957778,-118.285546
Parks,Ernest E. Debs Regional Park,http://www.laparks.org/dos/parks/facility/debsEERegionalPk.htm,34.095367,-118.190495
Parks,Stoney Point Park,http://www.laparks.org/dos/parks/facility/stoneyPointPk.htm,34.273536,-118.602406
Skate Parks,Hansen Dam Skate Park,,34.273758,-118.383484
Parks,Venice of America Centennial Park,,33.98849,-118.46368
Tennis Courts,Oakwood Tennis Courts,http://www.laparks.org/dos/reccenter/facility/oakwoodRC.htm,33.994954,-118.463982
Parks,Mecca Avenue Park,http://www.laparks.org/dos/parks/facility/meccaAvePk.htm,34.16711361,-118.5373921
Recreation Centers,Downey Recreation Center,http://www.laparks.org/dos/reccenter/facility/downeyRC.htm,34.071162,-118.223432
Recreation Centers,Lincoln Park Recreation Center,http://www.laparks.org/dos/reccenter/facility/lincolnParkRC.htm,34.065824,-118.198986
Parks,Deervale-Stone Canyon Park,,34.14683821,-118.4592084
Parks,Fernangeles Park,http://www.laparks.org/dos/reccenter/facility/fernangelesRC.htm,34.229345,-118.400978
Recreation Centers,William Nickerson Gardens Recreation Center,http://www.laparks.org/dos/reccenter/facility/williamNickersonRC.htm,33.932182,-118.247169
Parks,Granada Hills Park,http://www.laparks.org/dos/reccenter/facility/granadaHillsRC.htm,34.2645807,-118.4969059
Parks,Poinsettia Park,http://www.laparks.org/dos/reccenter/facility/poinsettiaRC.htm,34.08722019,-118.3502662
Parks,Four Oaks Park,http://www.laparks.org/dos/parks/facility/fourOaksPk.htm,34.205956,-118.635194
Parks,Encino Glen,http://www.laparks.org/dos/parks/facility/encinoglenPk.htm,34.172588,-118.499743
Gardens,Watts Rose Garden,http://www.laparks.org/dos/horticulture/watts.htm,33.94576539,-118.2439527
Equestrian Centers,Hansen Dam - Gabrielino Equestrian Center,http://www.laparks.org/dos/reccenter/facility/hansendamRC.htm,34.271,-118.368743
Parks,Cleland Avenue Bicentennial Park,http://www.laparks.org/dos/parks/facility/clelandAvePk.htm,34.11331,-118.212598
Skate Parks,Garvanza Skate Park,http://www.laparks.org/dos/parks/skateparks/garvanzaSkatePk.htm,34.12007,-118.179944
Recreation Centers,Jim Gilliam Recreation Center,http://www.laparks.org/dos/reccenter/facility/jimGilliamRC.htm,34.01227,-118.352773
Recreation Centers,Encino Community Center,http://www.laparks.org/dos/reccenter/facility/encinoCommCenter.htm,34.16039633,-118.5013526
Lakes,Lincoln Park Lake,http://www.laparks.org/dos/reccenter/facility/lincolnParkRC.htm,34.065824,-118.198986
Outdoor Fitness Equipment,Valley Plaza Park,http://www.laparks.org/dos/parks/facility/valleyPlazaPk.htm,34.192008,-118.400894
Parks,El Sereno Park,http://www.laparks.org/dos/reccenter/facility/elserenoRC.htm,34.075723,-118.181788
Parks,Rustic Canyon Rec Center Park,http://www.laparks.org/dos/reccenter/facility/rusticCanyonRC.htm,34.040813,-118.514199
Tennis Courts,Van Nuys Sherman Oaks Tennis Courts,http://www.laparks.org/dos/sports/tennis/facility/vanNuys_SO_TC.htm,34.159767,-118.444205
Parks,Laurel and Hardy Park,,34.082498,-118.274851
Parks,Lookout Point Park,http://www.laparks.org/dos/parks/facility/lookoutPointPk.htm,33.712435,-118.292025
Parks,De Garmo Park,http://www.laparks.org/dos/parks/facility/deGarmoPk.htm,34.214719,-118.352383
Parks,Jaime Beth Slavin Park,http://www.laparks.org/dos/parks/facility/slavinPk.htm,34.215402,-118.407169
Tennis Courts,Lake View Terrace Tennis Courts,http://www.laparks.org/dos/reccenter/facility/lakeviewTerraceRC.htm,34.27465645,-118.3715831
Parks,Eddleston Park,http://www.laparks.org/dos/parks/facility/eddlestonPk.htm,34.2872694,-118.5381306
Parks,Howard Finn Park & Community Garden,http://www.laparks.org/dos/parks/facility/howardFPk.htm,34.257932,-118.30072
Recreation Centers,Hollenbeck Recreation Center,http://www.laparks.org/dos/reccenter/facility/hollenbeckRC.htm,34.04136456,-118.2160944
Parks,Circle Park (5th Ave.),,33.970894,-118.322173
Parks,Martin J. Bogdanovich Park,http://www.laparks.org/dos/reccenter/facility/bogdanovichRC.htm,33.72958041,-118.3194325
Parks,Vista del Mar Park,http://www.laparks.org/dos/parks/facility/vistaDelMarPk.htm,33.944558,-118.441713
Parks,Richard Alatorre Park,http://www.laparks.org/dos/parks/facility/richardAlatorrePk.htm,34.143976,-118.184218
Outdoor Fitness Equipment,Poinsettia Park,http://www.laparks.org/dos/reccenter/facility/poinsettiaRC.htm,34.08722019,-118.3502662
Parks,Highland Park,http://www.laparks.org/dos/reccenter/facility/highlandParkRC.htm,34.113477,-118.187954
Parks,Titmouse Park,http://www.laparks.org/dos/parks/facility/titmousePk.htm,33.96105353,-118.4460138
Parks,Tommy Lasorda's Field of Dreams,http://www.laparks.org/dos/reccenter/facility/silverLakeRC.htm,34.090671,-118.259926
Recreation Centers,Loren Miller Recreation Center,http://www.laparks.org/dos/reccenter/facility/lorenMillerRC.htm,34.03026082,-118.3030305
Universally Accessible Playgrounds,Lincoln Park,http://www.laparks.org/dos/parks/facility/lincolnPk.htm,34.06561417,-118.2018369
Parks,Holleigh Bernson Memorial Park,,34.293003,-118.571202
Parks,Silver Lake Meadows Park,,34.098621,-118.261095
Recreation Centers,Green Meadows Recreation Center,http://www.laparks.org/dos/reccenter/facility/greenMeadowsRC.htm,33.95568832,-118.2672316
Recreation Centers,Banning Recreation Center,http://www.laparks.org/dos/reccenter/facility/banningRC.htm,33.79017637,-118.2562904
Parks,Downey Park,http://www.laparks.org/dos/reccenter/facility/downeyRC.htm,34.071162,-118.223432
Golf Courses,Los Feliz 3-Par Golf Course,http://www.laparks.org/golf/cdp_los_feliz.htm,34.12330116,-118.269339
Parks,Los Angeles Plaza Park,http://www.laparks.org/dos/parks/facility/laPlazaPk.htm,34.05692598,-118.2385958
Hiking Trails,North Hollywood Park,http://www.laparks.org/dos/reccenter/facility/northHollywoodRC.htm,34.1679113,-118.3798722
Tennis Courts,Glassell Park Tennis Courts,http://www.laparks.org/dos/reccenter/facility/glassellParkRC.htm,34.115486,-118.234129
Parks,Stoner Park,http://www.laparks.org/dos/reccenter/facility/stonerRC.htm,34.03844736,-118.4532902
Parks,Moonshine Canyon Park,http://www.laparks.org/dos/parks/facility/moonshineCanyonPk.htm,34.288216,-118.566046
Parks,Ken Malloy Harbor Regional Park,http://www.laparks.org/dos/parks/facility/kenMalloyHarborPk.htm,33.787682,-118.295031
Recreation Centers,Normandie Recreation Center,http://www.laparks.org/dos/reccenter/facility/normandieRC.htm,34.04464,-118.299791
Recreation Centers,Devonshire House,http://www.laparks.org/dos/reccenter/facility/devonshireHouseRC.htm,34.2570751,-118.5444962
Gardens,Drew St,,34.119958,-118.242682
Recreation Centers,Normandale Recreation Center,http://www.laparks.org/dos/reccenter/facility/normandaleRC.htm,33.82313579,-118.301425
Parks,Montecito Heights Park,http://www.laparks.org/dos/reccenter/facility/montecitoHeightsRC.htm,34.095544,-118.20335
Outdoor Fitness Equipment,Balboa Park,http://www.laparks.org/dos/reccenter/facility/balboaSportsComplex.htm,34.172985,-118.501841
Universally Accessible Playgrounds,Tobias Avenue Park,http://www.laparks.org/dos/parks/facility/tobiasPk.htm,34.23634,-118.45151
Parks,Los Angeles High Memorial Park,http://www.laparks.org/dos/parks/facility/laHighMemorialPk.htm,34.05657403,-118.3319039
Recreation Centers,EXPO Center / Roy A. Anderson Recreation Center,http://laparks.org/expo/,34.01201674,-118.2901009
Parks,Robert L. Burns Park,http://www.laparks.org/dos/parks/facility/burnsRLPk.htm,34.075652,-118.316078
Parks,Roger Jessup Park,http://www.laparks.org/dos/reccenter/facility/rogerjessupRC.htm,34.25794605,-118.4047298
Parks,Porter Ranch Park,,34.27055336,-118.5552726
Parks,Ascot Hills Park,http://www.laparks.org/dos/parks/facility/ascothillsPk.htm,34.06969978,-118.1899629
Parks,Lafayette Park,http://www.laparks.org/dos/reccenter/facility/lafayetteMCC.htm,34.06211618,-118.282875
Recreation Centers,Sepulveda Dam Recreation Area,http://www.laparks.org/dos/reccenter/facility/sepulvedaBasinRC.htm,34.17225492,-118.5028645
Parks,Cohasset-Melba Park,http://www.laparks.org/dos/parks/facility/cohassetMelbaPk.htm,34.20565289,-118.6346313
Golf Courses,Rancho Park 18-Hole Golf Course,http://www.laparks.org/golf/cdp_rancho.htm,34.045022,-118.418289
Recreation Centers,South Seas House,http://www.laparks.org/dos/reccenter/facility/southseashouse.htm,34.03499817,-118.3179553
Tennis Courts,Westchester Tennis Courts,http://www.laparks.org/dos/sports/tennis/facility/westchesterTC.htm,33.959629,-118.415188
Parks,Latham Park,http://www.laparks.org/dos/parks/facility/lathamPk.htm,33.99451,-118.25129
Parks,Griffith Park,http://www.laparks.org/dos/parks/griffithPK/index.htm,34.1182,-118.272105
Parks,North Atwater Park,http://www.laparks.org/dos/parks/facility/northAtwaterPk.htm,34.133398,-118.271813
Rental Facilities,Elysian Park - Grace E. Simons Lodge,http://www.laparks.org/dos/reservations/grace.htm,34.086566,-118.245386
Golf Courses,Roosevelt 9-Hole Golf Course,http://golf.lacity.org/cdp_roosevelt.htm,34.118472,-118.29388
Parks,Elinor and Don Richardson Family Park,http://www.laparks.org/dos/parks/facility/richardsonFamilyPk.htm,34.03012939,-118.2958057
Parks,Fehlhaber-Houk Park,http://www.laparks.org/dos/parks/facility/fehlhaberHoukPk.htm,34.240206,-118.273916
Parks,Mount Olympus Park,,34.084669,-118.210822
Golf Courses,Woodley Lakes Golf Course,http://www.laparks.org/golf/cdp_woodley.htm,34.183969,-118.491937
Skate Parks,Ritchie Valens Skate Park Plaza,http://www.laparks.org/dos/parks/skateparks/ritchieValensSkatePk.htm,34.26510266,-118.4393469
Recreation Centers,Rosecrans Recreation Center,http://www.laparks.org/dos/reccenter/facility/rosecransRC.htm,33.896619,-118.290531
Parks,Griffith Park - Bette Davis Picnic Area,,34.15857211,-118.2975598
Parks,Henry Alvarez Memorial Park (Ramona Gardens),http://www.laparks.org/dos/parks/facility/alvarezHMPk.htm,34.05881,-118.195184
Parks,Dorothy J. and Benjamin B. Smith Park,http://www.laparks.org/dos/parks/facility/smithDBPk.htm,34.10399621,-118.3428203
Parks,Grape Street Pocket Park,http://www.laparks.org/dos/parks/facility/grapeStPocketPk.htm,33.938145,-118.236807
Parks,109th Street Park,http://www.laparks.org/dos/reccenter/facility/109thStreetRC.htm,33.93664647,-118.2489586
Recreation Centers,Lake Street Community Center,http://www.laparks.org/dos/reccenter/facility/lakestComC.htm,34.06874703,-118.270384
Parks,Devonshire Arleta Park,http://www.laparks.org/dos/parks/facility/devonshireArletaPk.htm,34.25780789,-118.443572
Tennis Courts,Van Nuys Recreation Center Tennis Courts,http://www.laparks.org/dos/reccenter/facility/VanNuysRC.htm,34.19405925,-118.4446325
Tennis Courts,Runnymede Tennis Courts,http://www.laparks.org/dos/parks/facility/runnymedePk.htm,34.20585859,-118.5732396
Gardens,Ocean View Farms Community Garden,,34.014234,-118.441219
Parks,Peck Park,http://www.laparks.org/dos/reccenter/facility/peckParkComCtr.htm,33.74779038,-118.3091125
Parks,Selma Park,http://www.laparks.org/dos/parks/facility/selmaPk.htm,34.09985676,-118.3331657
Parks,Elysian Park - Bishop Canyon,http://www.laparks.org/dos/parks/facility/bishopCanyonElysianPk.htm,34.081707,-118.234692
Parks,Alizondo Drive Park,http://www.laparks.org/dos/parks/facility/alizondoDrPk.htm,34.15100013,-118.6048001
Recreation Centers,Andres and Maria Cardenas Recreation Center,http://www.laparks.org/dos/reccenter/facility/andresMariaRC.htm,34.215049,-118.454568
Parks,Avalon-San Pedro Park,,34.010389,-118.265542
Outdoor Fitness Equipment,4916 S. McKinley Avenue Pocket Park,,33.998755,-118.260624
Parks,Devonwood Park,http://www.laparks.org/dos/parks/facility/devonwoodPk.htm,34.25638115,-118.4541937
Recreation Centers,Evergreen Recreation Center,http://www.laparks.org/dos/reccenter/facility/evergreenRC.htm,34.038954,-118.203476
Outdoor Fitness Equipment,Woodley Avenue Park,http://www.laparks.org/dos/parks/facility/woodleyPk.htm,34.18196,-118.483681
Parks,Van Ness Park,http://www.laparks.org/dos/reccenter/facility/vanNessRC.htm,33.99082417,-118.319119
Universally Accessible Playgrounds,Ritchie Valens Park,http://www.laparks.org/dos/parks/facility/ritchieValensPk.htm,34.265782,-118.439137
Recreation Centers,109th Street Recreation Center,http://www.laparks.org/dos/reccenter/facility/109thStreetRC.htm,33.93664647,-118.2489586
Recreation Centers,Lemon Grove Recreation Center,http://www.laparks.org/dos/reccenter/facility/lemonGroveRC.htm,34.08634611,-118.3046676
Tennis Courts,Montecito Heights Tennis Courts,http://www.laparks.org/dos/reccenter/facility/montecitoHeightsRC.htm,34.09578,-118.204152
Outdoor Fitness Equipment,Lincoln Park,http://www.laparks.org/dos/parks/facility/lincolnPk.htm,34.06561417,-118.2018369
Parks,Vineyard Park,http://www.laparks.org/dos/reccenter/facility/vineyardRC.htm,34.02828057,-118.34653
Parks,Brand Park,http://www.laparks.org/dos/parks/facility/brandPk.htm,34.27269566,-118.4615049
Parks,Stonehurst Park,http://www.laparks.org/dos/reccenter/facility/stonehurstRC.htm,34.24945616,-118.3748623
Parks,Taxco Trails Park,http://www.laparks.org/dos/parks/facility/taxcoTrailsPk.htm,34.21202182,-118.6383285
Parks,Hubert H. Humphrey Memorial Park,http://www.laparks.org/dos/reccenter/facility/huberthumphreyRC.htm,34.28181122,-118.4074686
Parks,York Boulevard Pocket Park,,34.121388,-118.207218
Parks,Green Meadows Park,http://www.laparks.org/dos/reccenter/facility/greenMeadowsRC.htm,33.95568832,-118.2672316
Recreation Centers,Reseda Recreation Center,http://www.laparks.org/dos/reccenter/facility/resedaRC.htm,34.186871,-118.533699
Parks,Vermont Square,http://www.laparks.org/dos/parks/facility/vermontsqPk.htm,34.0005829,-118.2971828
Tennis Courts,Lanark Tennis Courts,http://www.laparks.org/dos/reccenter/facility/lanarkRC.htm,34.217028,-118.602518
Parks,Shatto Park,http://www.laparks.org/dos/reccenter/facility/shattoRC.htm,34.067287,-118.289251
Parks,Laurel Grove Park,,34.183069,-118.400733
Parks,Prospect Park,http://www.laparks.org/dos/parks/facility/prospectPk.htm,34.05358,-118.216963
Hiking Trails,Van Nuys Sherman Oaks Recreation Center,http://www.laparks.org/dos/reccenter/facility/vanNuysSORC.htm,34.15952933,-118.4425227
Parks,Tiara Street Park,,34.178441,-118.382361
Outdoor Fitness Equipment,York Boulevard Pocket Park,,34.121388,-118.207218
Golf Courses,Balboa 18-Hole Golf Course,http://www.laparks.org/golf/cdp_balboa.htm,34.170607,-118.497806
Recreation Centers,Studio City Recreation Center (Beeman Park),http://www.laparks.org/dos/reccenter/facility/studioCityRC.htm,34.15137297,-118.4079843
Parks,Porter Ridge Park,http://www.laparks.org/dos/parks/facility/porterRidgePk.htm,34.296952,-118.541546
Lakes,MacArthur Park Lake,http://www.laparks.org/dos/aquatic/facility/macArthurPkL.htm,34.058107,-118.276802
Parks,Sheldon-Arleta / Cesar Chavez Park,,34.227487,-118.40675
Parks,Point Fermin - Wilder's Addition,http://www.laparks.org/dos/parks/facility/wildersAdditionPk.htm,33.706143,-118.292091
Parks,South Weddington Park,http://www.laparks.org/dos/parks/facility/weddingtonPkSo.htm,34.141995,-118.361734
Recreation Centers,Stoner Recreation Center,http://www.laparks.org/dos/reccenter/facility/stonerRC.htm,34.03844736,-118.4532902
Skate Parks,Gilbert W. Lindsay Skate Park,http://www.laparks.org/dos/parks/skateparks/gilbertLindsaySkatePk.htm,34.00661929,-118.2677641
Parks,James Slauson Park,http://www.laparks.org/dos/reccenter/facility/slausonMC.htm,33.99462127,-118.2476422
Parks,Algin Sutton Park,http://www.laparks.org/dos/reccenter/facility/alginSuttonRC.htm,33.957928,-118.286929
Parks,Reseda Park,http://www.laparks.org/dos/parks/facility/resedaPk.htm,34.186754,-118.5345636
Outdoor Fitness Equipment,Lou Costello (Hostetter) Park,http://www.laparks.org/dos/reccenter/facility/louCostelloRC.htm,34.02048437,-118.2108829
Tennis Courts,Queen Anne Tennis Courts,http://www.laparks.org/dos/reccenter/facility/queenAnneRC.htm,34.051562,-118.332171
Parks,Valencia (Ross) Community Park,http://www.laparks.org/dos/parks/facility/laniVestPocketPk.htm,34.04480331,-118.2122865
Parks,Lemon Grove Park,http://www.laparks.org/dos/reccenter/facility/lemonGroveRC.htm,34.08634611,-118.3046676
Parks,Baldwin Hills Park,http://www.laparks.org/dos/reccenter/facility/baldwinHillsRC.htm,34.02340135,-118.3646015
Parks,Amistad Park,,34.253043,-118.418134
Parks,Haines Canyon Park,http://www.laparks.org/dos/parks/facility/hainesCanyonPk.htm,34.23696,-118.282285
Tennis Courts,Stoner Tennis Courts,http://www.laparks.org/dos/reccenter/facility/stonerRC.htm,34.03844736,-118.4532902
Gardens,Brand Park Memory Garden,,34.2724,-118.46206
Parks,Lazy J Ranch Park,http://www.laparks.org/dos/parks/facility/lazyJPk.htm,34.212086,-118.645669
Parks,Cypress Park,http://www.laparks.org/dos/reccenter/facility/cypressRC.htm,34.0894357,-118.2255846
Recreation Centers,Balboa Sports Complex,http://www.laparks.org/dos/reccenter/facility/balboaSportsComplex.htm,34.178258,-118.504694
Universally Accessible Playgrounds,Rio De Los Angeles State Park,http://www.laparks.org/dos/reccenter/facility/riodeLosAngeles.htm,34.101135,-118.236579
Parks,Banning Park,http://www.laparks.org/dos/reccenter/facility/banningRC.htm,33.79017637,-118.2562904
Parks,Woodley Avenue Park,http://www.laparks.org/dos/parks/facility/woodleyPk.htm,34.18196,-118.483681
Parks,Saint Andrews Park,http://www.laparks.org/dos/reccenter/facility/StAndrewsRC.htm,33.95973995,-118.3114526
Parks,Carthay Circle Park,http://www.laparks.org/dos/parks/facility/carthayCirclePk.htm,34.061441,-118.367283
Tennis Courts,109th Street Tennis Courts,http://www.laparks.org/dos/reccenter/facility/109thStreetRC.htm,33.93664647,-118.2489586
Tennis Courts,Barrington Tennis Courts,http://www.laparks.org/dos/reccenter/facility/barringtonRC.htm,34.06137723,-118.4686951
Outdoor Fitness Equipment,Studio City Recreation Center (Beeman Park),http://www.laparks.org/dos/reccenter/facility/studioCityRC.htm,34.15137297,-118.4079843
Recreation Centers,Baldwin Hills Recreation Center,http://www.laparks.org/dos/reccenter/facility/baldwinHillsRC.htm,34.024067,-118.364103
Recreation Centers,Sun Valley Recreation Center,http://www.laparks.org/dos/reccenter/facility/sunValleyRC.htm,34.218089,-118.371541
Parks,Lou Costello (Hostetter) Park,http://www.laparks.org/dos/reccenter/facility/louCostelloRC.htm,34.02048437,-118.2108829
Parks,Canal Park,http://www.laparks.org/dos/parks/facility/canalPk.htm,33.98476,-118.46656
Recreation Centers,Toberman Recreation Center,http://www.laparks.org/dos/reccenter/facility/tobermanRC.htm,34.03912821,-118.2787516
Recreation Centers,Ramona Gardens Recreation Center,http://www.laparks.org/dos/reccenter/facility/ramonagardensRC.htm,34.056954,-118.194894
Tennis Courts,Knapp Ranch Tennis Courts,http://www.laparks.org/dos/parks/facility/knappRanchPk.htm,34.189237,-118.658999
Parks,Ross Snyder Park,http://www.laparks.org/dos/reccenter/facility/rossSnyderRC.htm,34.00871681,-118.2473934
Outdoor Fitness Equipment,76th Street Pocket Park,,33.971023,-118.288267
Parks,Bee Canyon Park,http://www.laparks.org/dos/parks/facility/beeCanyonPk.htm,34.307658,-118.510653
Recreation Centers,Northridge Recreation Center,http://www.laparks.org/dos/reccenter/facility/northridgeRC.htm,34.25529,-118.53226
Parks,Bandini Canyon Park,http://www.laparks.org/dos/parks/facility/bandiniCanyonPk.htm,33.746395,-118.293041
Parks,Palisades Park (Porter Ranch),,34.293167,-118.55459
Parks,Lexington Avenue Pocket Park,http://www.laparks.org/dos/parks/facility/seilyRodriguezPk.htm,34.092985,-118.31007
Parks,Ramona Gardens Park,http://www.laparks.org/dos/parks/facility/ramonaGardensPk.htm,34.056954,-118.194894
Parks,Saint James Park,http://www.laparks.org/dos/parks/facility/stJamesPk.htm,34.03168,-118.27974
Parks,Zelzah Park,http://www.laparks.org/dos/parks/facility/zelzahPk.htm,34.28123,-118.524815
Parks,Point Fermin Park,http://www.laparks.org/dos/parks/facility/pointFerminPk.htm,33.70633171,-118.2929289
Universally Accessible Playgrounds,Benny H. Potter West Adams Avenues Memorial Park,http://www.laparks.org/dos/parks/facility/bennyHPotterPk.htm,34.035039,-118.318677
Tennis Courts,John Quimby Park Tennis Courts,http://www.laparks.org/dos/parks/facility/quimbyJPk.htm,34.199133,-118.5877
Recreation Centers,Jackie Tatum / Harvard Recreation Center,http://www.laparks.org/dos/reccenter/facility/jackieTatumRC.htm,33.93857,-118.303829
Parks,Elysian Park,http://www.laparks.org/dos/parks/facility/elysianPk.htm,34.079411,-118.235668
Skate Parks,Lafayette Skate Park,http://www.laparks.org/dos/parks/skateparks/lafayetteSkatePk.htm,34.06211618,-118.282875
Recreation Centers,Penmar Recreation Center,http://www.laparks.org/dos/reccenter/facility/penmarRC.htm,34.006428,-118.45547
Parks,Washington Irving Pocket Park,http://www.laparks.org/dos/parks/facility/washingtonIrvingPk.htm,34.040104,-118.328586
Parks,Sepulveda Park,http://www.laparks.org/dos/reccenter/facility/sepulvedaRC.htm,34.23005873,-118.4575623
Tennis Courts,Lincoln Park Tennis Courts,http://www.laparks.org/dos/reccenter/facility/lincolnParkRC.htm,34.067618,-118.199275
Parks,Rosecrans Park,http://www.laparks.org/dos/reccenter/facility/rosecransRC.htm,33.8967552,-118.29132
Outdoor Fitness Equipment,James Slauson Recreation Center,http://www.laparks.org/dos/reccenter/facility/slausonMC.htm,33.994156,-118.247682
Parks,Toberman Park,http://www.laparks.org/dos/reccenter/facility/tobermanRC.htm,34.03912821,-118.2787516
Parks,MacArthur Park,http://www.laparks.org/dos/parks/facility/macArthurPk.htm,34.06035058,-118.2770864
Beaches,Cabrillo Beach,http://www.laparks.org/dos/aquatic/facility/cabrilloBeachPool.htm,33.711229,-118.283406
Parks,Angeles Mesa Park,http://www.laparks.org/dos/parks/facility/angelesMesaPk.htm,34.00025,-118.32561
Outdoor Fitness Equipment,Wall Street Community Park,,33.959532,-118.271566
Tennis Courts,Rustic Canyon Tennis Courts,http://www.laparks.org/dos/reccenter/facility/rusticCanyonRC.htm,34.03770624,-118.5145222
Parks,Woodbridge Park,http://www.laparks.org/dos/parks/facility/woodbridgePk.htm,34.15021183,-118.3764461
Tennis Courts,Rancho Cienega - Arthur Ashe Tennis Courts,http://www.laparks.org/dos/sports/tennis/facility/arthurasheTC.htm,34.02193,-118.34971
Outdoor Fitness Equipment,Norman O. Houston Park,http://www.laparks.org/dos/parks/facility/houstonNOPk.htm,33.998907,-118.357772
Recreation Centers,Delano Recreation Center,http://www.laparks.org/dos/reccenter/facility/delanoRC.htm,34.182032,-118.46247
Tennis Courts,Granada Hills Tennis Courts,http://www.laparks.org/dos/reccenter/facility/granadaHillsRC.htm,34.261431,-118.49757
Dog Parks,Sepulveda Basin Dog Park,http://www.laparks.org/dos/parks/facility/dogparks/sepulvedaBasinDogPk.htm,34.185944,-118.515152
Recreation Centers,South Park Recreation Center,http://www.laparks.org/dos/reccenter/facility/southPkRC.htm,33.997417,-118.267651
Parks,Chatsworth Park North,http://www.laparks.org/dos/parks/facility/chatsworthPkNorth.htm,34.264439,-118.611196
Recreation Centers,Rancho Cienega - Ira C. Massey Youth Center,http://www.laparks.org/dos/reccenter/facility/ranchocienegaRC.htm,34.02235,-118.350784
Recreation Centers,Ramon D. Garcia Msgr. Recreation Center,http://www.laparks.org/dos/reccenter/facility/ramonGarciaRC.htm,34.027534,-118.206502
Recreation Centers,Ramona Hall Community Center,http://www.laparks.org/dos/reccenter/facility/ramonahallCRC.htm,34.097865,-118.205115
Recreation Centers,Elysian Valley Recreation Center,http://www.laparks.org/dos/reccenter/facility/elysianValleyRC.htm,34.099148,-118.245058
Parks,Rolland Curtis Park,http://www.laparks.org/dos/parks/facility/curtisRolandPk.htm,34.016615,-118.300007
Parks,Moon Canyon Park,http://www.laparks.org/dos/parks/facility/moonCynPk.htm,34.108427,-118.213926
Parks,4916 S. McKinley Avenue Pocket Park,,33.998755,-118.260624
Recreation Centers,Rustic Canyon Recreation Center,http://www.laparks.org/dos/reccenter/facility/rusticCanyonRC.htm,34.037817,-118.51479
Outdoor Fitness Equipment,Garvanza Park,http://www.laparks.org/dos/parks/facility/garvanzaPk.htm,34.12007,-118.179944
Skate Parks,Andres and Maria Cardenas Skate Park,http://www.laparks.org/dos/parks/skateparks/andresMariaSkatePk.htm,34.215049,-118.454568
Parks,Leslie N. Shaw Park,http://www.laparks.org/dos/parks/facility/shawLNPk.htm,34.025814,-118.319733
Recreation Centers,Alpine Recreation Center,http://www.laparks.org/dos/reccenter/facility/alpineRC.htm,34.06372912,-118.240742
Parks,Juntos Park,http://www.laparks.org/dos/parks/facility/juntosPk.htm,34.11830364,-118.2455792
Outdoor Fitness Equipment,61st Street Pocket Park,,33.984504,-118.272468
Parks,Garvanza Park,http://www.laparks.org/dos/parks/facility/garvanzaPk.htm,34.12007,-118.179944
Universally Accessible Playgrounds,Jaime Beth Slavin Park,http://www.laparks.org/dos/parks/facility/slavinPk.htm,34.215402,-118.407169
Recreation Centers,Van Nuys Recreation Center,http://www.laparks.org/dos/reccenter/facility/VanNuysRC.htm,34.19405925,-118.4446325
Parks,Westchester Park,http://www.laparks.org/dos/reccenter/facility/westchesterRC.htm,33.959629,-118.415188
Parks,Ritchie Valens Park,http://www.laparks.org/dos/parks/facility/ritchieValensPk.htm,34.265782,-118.439137
Recreation Centers,Glassell Park Recreation Center,http://www.laparks.org/dos/reccenter/facility/glassellParkRC.htm,34.116158,-118.233593
Recreation Centers,Algin Sutton Recreation Center,http://www.laparks.org/dos/reccenter/facility/alginSuttonRC.htm,33.957778,-118.285546
Parks,4600 Orchard Ave Pocket Park,,34.001558,-118.288625
Lakes,Ernest E. Debs Lake,http://www.laparks.org/dos/aquatic/facility/debslake.htm,34.091471,-118.193514
Parks,Budd Weiner Park,http://www.laparks.org/dos/parks/facility/buddWeinerPk.htm,34.09794,-118.18389
Parks,Denker and Torrance Pocket Park,,33.84162,-118.303546
Hiking Trails,Chatsworth Park South,http://www.laparks.org/dos/parks/facility/chatsworthPkSouth.htm,34.260329,-118.616081
Tennis Courts,Ritchie Valens Tennis Courts,http://www.laparks.org/dos/reccenter/facility/ritchievalensRC.htm,34.266202,-118.438754
Parks,105th Street Pocket Park,,33.940919,-118.285253
Parks,San Vicente Mountain Park,http://www.laparks.org/dos/parks/facility/sanVicenteMtnPk.htm,34.128635,-118.513031
Parks,Averill Park,http://www.laparks.org/dos/parks/facility/averillPk.htm,33.733276,-118.311721
Parks,La Tuna Canyon Park,,34.233146,-118.311337
Parks,City Hall Park,http://www.laparks.org/dos/parks/facility/cityHallPk.htm,34.05305,-118.243749
Tennis Courts,Hazard Tennis Courts,http://www.laparks.org/dos/reccenter/facility/hazardRC.htm,34.06067723,-118.2008547
Parks,South Park,http://www.laparks.org/dos/reccenter/facility/southPkRC.htm,33.99664406,-118.268573
Universally Accessible Playgrounds,Studio City Recreation Center (Beeman Park),http://www.laparks.org/dos/reccenter/facility/studioCityRC.htm,34.15137297,-118.4079843
Parks,Sun Valley Park,http://www.laparks.org/dos/parks/facility/sunValleyPk.htm,34.21844465,-118.3705312
Parks,Louise Park,http://www.laparks.org/dos/parks/facility/louisePk.htm,34.20016537,-118.5097238
Hiking Trails,Hansen Dam Park,http://www.laparks.org/dos/reccenter/facility/hansendamRC.htm,34.273758,-118.383484
Parks,Panorama City Park,http://www.laparks.org/dos/reccenter/facility/panoramaRC.htm,34.22673102,-118.4413338
Parks,Griffith Park - Park Center,http://www.laparks.org/dos/parks/facility/parkCenter.htm,34.134213,-118.282994
Recreation Centers,Palms Recreation Center,http://www.laparks.org/dos/reccenter/facility/palmsRC.htm,34.03286932,-118.4177271
Tennis Courts,North Hollywood Tennis Courts,http://www.laparks.org/dos/reccenter/facility/northHollywoodRC.htm,34.166348,-118.379563
Tennis Courts,Jackie Tatum / Harvard Tennis Courts,http://www.laparks.org/dos/reccenter/facility/jackieTatumRC.htm,33.98334823,-118.303593
Recreation Centers,North Hollywood Recreation Center,http://www.laparks.org/dos/reccenter/facility/northHollywoodRC.htm,34.16762,-118.379952
Parks,Norman O. Houston Park,http://www.laparks.org/dos/parks/facility/houstonNOPk.htm,33.998907,-118.357772
Outdoor Fitness Equipment,Pan Pacific Park,http://www.laparks.org/dos/parks/facility/panPacificPk.htm,34.07487935,-118.3549473
Parks,Branford Park,http://www.laparks.org/dos/parks/facility/branfordPk.htm,34.23336299,-118.4233033
Parks,Madison West Park,http://www.laparks.org/dos/parks/facility/madisonPk.htm,34.079685,-118.288537
Parks,Dearborn Park,http://www.laparks.org/dos/parks/facility/dearbornPk.htm,34.23581729,-118.507668
Parks,Ramona Hall Park,http://www.laparks.org/dos/reccenter/facility/ramonahallCRC.htm,34.09770325,-118.2058522
Parks,John Quimby Park,http://www.laparks.org/dos/parks/facility/quimbyJPk.htm,34.19793,-118.58825
Lakes,Reseda Park Lake,http://www.laparks.org/dos/parks/facility/resedaPk.htm,34.186771,-118.533703
Parks,Wall Street Community Park,,33.959532,-118.271566
Recreation Centers,Highland Park Recreation Center,http://www.laparks.org/dos/reccenter/facility/highlandParkRC.htm,34.113209,-118.187806
Parks,Wilmington Park,http://www.laparks.org/dos/reccenter/facility/wilmingtonRC.htm,33.77313982,-118.2686791
Hiking Trails,O'Melveny Park,http://www.laparks.org/dos/parks/facility/oMelvenyPk.htm,34.31333,-118.518577
Recreation Centers,EXPO Center / Ralph M. Parsons Preschool,http://www.laparks.org/dos/childcare/facility/ralphMParsonCC.htm,34.0116,-118.288775
Parks,Pershing Square,http://www.laparks.org/pershingsquare/index.html,34.04856,-118.25348
Parks,North Hollywood Park,http://www.laparks.org/dos/reccenter/facility/northHollywoodRC.htm,34.1679113,-118.3798722
Rental Facilities,Friendship Auditorium,http://www.laparks.org/dos/reservations/friendshipauditorium.htm,34.114185,-118.268981
Parks,Potrero Canyon Park,,34.036613,-118.524027
Parks,Normandie Park,http://www.laparks.org/dos/reccenter/facility/normandieRC.htm,34.04455488,-118.3001516
Parks,Rinaldi Park,,34.276163,-118.536797
Parks,Hoover-Gage Mini Park,http://www.laparks.org/dos/parks/facility/hooverGagePk.htm,33.982185,-118.287465
Gardens,Orcutt Ranch Horticultural Center & Community Garden,http://www.laparks.org/dos/horticulture/orcuttranch.htm,34.21892526,-118.6410835
Hiking Trails,Lake Balboa,http://www.laparks.org/dos/aquatic/balboa/index.htm,34.181624,-118.500922
Universally Accessible Playgrounds,Valley Glen Community Park,http://www.laparks.org/dos/parks/facility/valleyGlenPk.htm,34.182953,-118.418285
Recreation Centers,Hazard Recreation Center,http://www.laparks.org/dos/reccenter/facility/hazardRC.htm,34.060295,-118.200702
Recreation Centers,Hollywood Recreation Center,http://www.laparks.org/dos/reccenter/facility/hollywoodRC.htm,34.091656,-118.329641
Parks,Lacy Street Neighborhood Park,http://www.laparks.org/dos/parks/facility/lacyStNeighborHoPk.htm,34.082073,-118.220347
Parks,Hollenbeck Park,http://www.laparks.org/dos/parks/facility/hollenbeckPk.htm,34.04136456,-118.2160944
Lakes,Ken Malloy Harbor Regional Lake,http://www.laparks.org/dos/parks/facility/kenMalloyHarborPk.htm,33.787619,-118.29502
Outdoor Fitness Equipment,Dorothy J. and Benjamin B. Smith Park,http://www.laparks.org/dos/parks/facility/smithDBPk.htm,34.10399621,-118.3428203
Recreation Centers,Bradley-Milken Youth And Family Center,http://www.laparks.org/dos/reccenter/facility/bradleyMilken.htm,33.945785,-118.24107
Tennis Courts,Balboa Tennis Courts,http://www.laparks.org/dos/sports/tennis/facility/balboaTC.htm,34.17234506,-118.5039331
Golf Courses,Armand Hammer / Holmby Pitch and Putt Golf Course,http://www.golf.lacity.org/cdp_holmby.htm,34.07294331,-118.4293956
Recreation Centers,Culver Slauson Recreation Center,http://www.laparks.org/dos/reccenter/facility/culverSlausonRC.htm,33.993614,-118.406907
Recreation Centers,Sepulveda Basin / Hjelte Sports Center,http://www.laparks.org/dos/reccenter/facility/hjelteSC.htm,34.16712,-118.484884
Dog Parks,Silver Lake Dog Park,http://www.laparks.org/dos/parks/facility/dogparks/silverLakeDogPk.htm,34.092198,-118.264594
Gardens,Rose Hill Park Community Garden,,34.090977,-118.193047
Tennis Courts,Woodland Hills Tennis Courts,http://www.laparks.org/dos/reccenter/facility/woodlandHillsRC.htm,34.175927,-118.614495
Parks,Little Landers Park,http://www.laparks.org/dos/parks/facility/littleLandersPk.htm,34.25268,-118.28848
Parks,Strathern Park West,http://www.laparks.org/dos/parks/facility/strathernPkWest.htm,34.215584,-118.409202
Parks,49th Street Pocket Park,,33.998337,-118.26351
Recreation Centers,Evergreen Youth Center,http://www.laparks.org/dos/reccenter/facility/evergreenRC.htm,34.038819,-118.204026
Recreation Centers,Venice Recreation Center,http://www.laparks.org/dos/reccenter/facility/veniceBeachRC.htm,33.98570187,-118.4726212
Parks,Lincoln Heights Park,http://www.laparks.org/dos/reccenter/facility/lincolnHeightsRC.htm,34.072219,-118.214628
Tennis Courts,Cheviot Hills Tennis Courts,http://www.laparks.org/dos/sports/tennis/facility/cheviotHillsTC.htm,34.044504,-118.406333
Recreation Centers,Mount Carmel Recreation Center,http://www.laparks.org/dos/reccenter/facility/mountCarmelRC.htm,33.975985,-118.287763
Parks,Rockwood Community Park,,34.0642,-118.262115
Universally Accessible Playgrounds,Wilshire Crest Elementary School Universal Access Playground,http://www.laparks.org/dos/playground/facility/wilshireUAPk.htm,34.057987,-118.343595
Outdoor Fitness Equipment,Toberman Recreation Center,http://www.laparks.org/dos/reccenter/facility/tobermanRC.htm,34.03912821,-118.2787516
Parks,Shadow Ranch Park,http://www.laparks.org/dos/parks/facility/shadowranchPk.htm,34.19390248,-118.6197081
Recreation Centers,Saint Andrews Recreation Center,http://www.laparks.org/dos/reccenter/facility/StAndrewsRC.htm,33.95882144,-118.3112791
Outdoor Fitness Equipment,El Sereno Arroyo Playground,,34.07980496,-118.1618492
Skate Parks,William Nickerson Gardens Skate Park,http://www.laparks.org/dos/parks/skateparks/nickersonSkatePk.htm,33.932182,-118.246727
Parks,Jordan Downs Park,http://www.laparks.org/dos/reccenter/facility/jordanDownsRC.htm,33.94612146,-118.2365773
Parks,Elysian Park - Chavez Ravine Arboretum,http://www.laparks.org/dos/horticulture/chavez.htm,34.085043,-118.245717
Parks,San Pedro Plaza Park,http://www.laparks.org/dos/parks/facility/sanPedroPlazaPk.htm,33.73512,-118.280257
Parks,Runyon Canyon Park,http://www.laparks.org/dos/parks/facility/runyoncanyonpk.htm,34.10530646,-118.3488732
Outdoor Fitness Equipment,97th Street Pocket Park,,33.948036,-118.2847
Parks,Harbor City Park,http://www.laparks.org/dos/parks/facility/harborcityPk.htm,33.79835488,-118.2993168
Parks,Mar Vista Park,http://www.laparks.org/dos/reccenter/facility/marVistaRC.htm,34.01785493,-118.4294632
Recreation Centers,Bellevue Recreation Center,http://www.laparks.org/dos/reccenter/facility/bellevueRC.htm,34.084023,-118.282906
Recreation Centers,Lincoln Heights Recreation Center,http://www.laparks.org/dos/reccenter/facility/lincolnHeightsRC.htm,34.072219,-118.214628
Parks,Gladys Jean Wesson Park,,34.033847,-118.340309
Recreation Centers,Westchester Recreation Center,http://www.laparks.org/dos/reccenter/facility/westchesterRC.htm,33.95956137,-118.4138213
Parks,El Dorado Avenue Park,,34.275965,-118.435744
Outdoor Fitness Equipment,Fred Roberts Recreation Center,http://www.laparks.org/dos/reccenter/facility/fredRobertsRC.htm,34.000886,-118.24401
Parks,Glen Alla Park,http://www.laparks.org/dos/parks/facility/glenAllaPk.htm,33.984438,-118.431009
Hiking Trails,Peck Park,http://www.laparks.org/dos/reccenter/facility/peckParkComCtr.htm,33.74779038,-118.3091125
Parks,Boyle Heights Sports Center Park,http://www.laparks.org/dos/reccenter/facility/boyleHeightsSC.htm,34.03237744,-118.213784
Parks,Rio De Los Angeles State Park,http://www.laparks.org/dos/reccenter/facility/riodeLosAngeles.htm,34.101135,-118.236579
Recreation Centers,Sylmar Park Recreation Center,http://www.laparks.org/dos/reccenter/facility/sylmarParkRC.htm,34.309198,-118.446384
Tennis Courts,Eagle Rock Tennis Courts,http://www.laparks.org/dos/reccenter/facility/eagleRockRC.htm,34.142774,-118.186455
Universally Accessible Playgrounds,Griffith Park - Shane's Inspiration Park,http://www.laparks.org/dos/playground/facility/griffithUAPk.htm,34.135083,-118.284647
Tennis Courts,Sun Valley Tennis Courts,http://www.laparks.org/dos/reccenter/facility/sunValleyRC.htm,34.21844465,-118.3705312
Recreation Centers,Granada Hills Recreation Center,http://www.laparks.org/dos/reccenter/facility/granadaHillsRC.htm,34.263689,-118.496732
Recreation Centers,State Street Recreation Center,http://www.laparks.org/dos/reccenter/facility/stateStreetRC.htm,34.053064,-118.212879
Outdoor Fitness Equipment,Van Nuys Sherman Oaks Recreation Center,http://www.laparks.org/dos/reccenter/facility/vanNuysSORC.htm,34.15952933,-118.4425227
Parks,Barnsdall Park,http://www.laparks.org/dos/reccenter/facility/barnsdallArtPkRC.htm,34.10151763,-118.29443
Universally Accessible Playgrounds,Westside Neighborhood Park,http://www.laparks.org/dos/parks/facility/westsideNeighborhoodPk.htm,34.029093,-118.36998
Tennis Courts,Victory - Vineland Tennis Courts,http://www.laparks.org/dos/reccenter/facility/victoryVinelandRC.htm,34.186926,-118.3727
Tennis Courts,El Sereno Tennis Courts,http://www.laparks.org/dos/reccenter/facility/elserenoRC.htm,34.075723,-118.181788
Parks,Oakwood Park,http://www.laparks.org/dos/reccenter/facility/oakwoodRC.htm,33.995395,-118.464455
Parks,Bell Canyon Park,http://www.laparks.org/dos/parks/facility/bellCynPk.htm,34.2067715,-118.6678416
Recreation Centers,Harbor City Recreation Center,http://www.laparks.org/dos/reccenter/facility/harborCityRC.htm,33.798111,-118.29922
Parks,Griffith Park Bond Area,http://www.laparks.org/dos/parks/facility/bondAreaGP.htm,34.122473,-118.269555
Parks,O'Melveny Park,http://www.laparks.org/dos/parks/facility/oMelvenyPk.htm,34.31333,-118.518577
Parks,El Sereno North Park,http://www.laparks.org/dos/parks/facility/elSerenoNorthPk.htm,34.097182,-118.16843
Recreation Centers,Echo Park Youth Center,http://www.laparks.org/dos/reccenter/facility/echoParkRC.htm,34.068302,-118.258827
Recreation Centers,Glassell Park Youth Center,http://www.laparks.org/dos/reccenter/facility/glassellParkRC.htm,34.11484802,-118.233719
Tennis Courts,Valley Plaza Tennis Courts,http://www.laparks.org/dos/reccenter/facility/valleyPlazaRC.htm,34.189082,-118.400399
Recreation Centers,Jim Gilliam Child Care Center,http://www.laparks.org/dos/childcare/facility/jimGilliamCC.htm,34.01227,-118.352773
Parks,West Adams Heights Park,,34.03883,-118.300475
Recreation Centers,Shadow Ranch Recreation Center,http://www.laparks.org/dos/reccenter/facility/shadowRanchRC.htm,34.194561,-118.619869
Parks,Oro Vista Park,,34.270889,-118.315929
Parks,Griffith Park - Ferraro Fields,http://www.laparks.org/dos/parks/facility/griffithPk_Ffields.htm,34.154599,-118.28301
Parks,Mascot Park,http://www.laparks.org/dos/parks/facility/mascotPk.htm,34.041023,-118.341882
Parks,Wilbur-Tampa Park,http://www.laparks.org/dos/parks/facility/wilburTampaPk.htm,34.288965,-118.556836
Parks,11th Avenue Park,,33.984488,-118.329232
Recreation Centers,Venice Beach Recreation Area,http://www.laparks.org/venice/venice.htm,33.985826,-118.472771
Recreation Centers,Lanark Recreation Center,http://www.laparks.org/dos/reccenter/facility/lanarkRC.htm,34.21743314,-118.6038772
Tennis Courts,Reseda Tennis Courts,http://www.laparks.org/dos/reccenter/facility/resedaRC.htm,34.187245,-118.533028
Golf Courses,Golf Reservations--All Courses,http://www.laparks.org/golf/reservations.htm,34.13325553,-118.2728568
Parks,Watts Community Park,,33.932023,-118.240098
Parks,97th Street Pocket Park,,33.948036,-118.2847
Skate Parks,North Hollywood Skate Park,http://www.laparks.org/dos/parks/skateparks/nHollywoodSkatePk.htm,34.1650083,-118.3799229
Parks,Lanark Park,http://www.laparks.org/dos/parks/facility/lanarkShelbyPk.htm,34.217028,-118.602518
Tennis Courts,Elysian Park Tennis Courts,,34.079661,-118.236145
Outdoor Fitness Equipment,Culver Slauson Park,http://www.laparks.org/dos/parks/facility/culverSlausonPk.htm,33.993614,-118.406907
Tennis Courts,Jim Gilliam Tennis Courts,http://www.laparks.org/dos/reccenter/facility/jimGilliamRC.htm,34.014327,-118.355029
Parks,Wilton Place Park,,34.052376,-118.314667
Recreation Centers,LACES (Los Angeles Center for Enriched Studies),http://www.laparks.org/dos/reccenter/facility/laces.htm,34.04361628,-118.3714542
Parks,Central Avenue Pocket Park,http://www.laparks.org/dos/parks/facility/centralAvePk.htm,34.006792,-118.256194
Parks,Anthony C. Beilenson Park,http://www.laparks.org/dos/aquatic/balboa/index.htm,34.181624,-118.500922
Parks,Griffith Park - Bird Sanctuary,http://www.laparks.org/dos/parks/facility/birdSanctuaryGP.htm,34.123792,-118.297042
Universally Accessible Playgrounds,Pan Pacific Park - Renee's Place,http://www.laparks.org/dos/playground/facility/panPacificUAPPk.htm,34.07487935,-118.3549473
Parks,Carey Ranch Park,http://www.laparks.org/dos/parks/facility/careyRanchPk.htm,34.287493,-118.460485
Dog Parks,Whitnall Dog Park,http://www.laparks.org/dos/parks/facility/dogparks/whitnallOffLeashDogPk.htm,34.1760477,-118.3624611
Parks,North Hills Community Park,http://www.laparks.org/dos/reccenter/facility/northHillsComPk.htm,34.22955014,-118.4661577
Recreation Centers,Robertson Recreation Center,http://www.laparks.org/dos/reccenter/facility/robertsonRC.htm,34.0492868,-118.3847196
Parks,State Street Park,http://www.laparks.org/dos/reccenter/facility/stateStreetRC.htm,34.05296422,-118.2132892
Tennis Courts,Hermon / Arroyo Seco Tennis Courts,http://www.laparks.org/dos/parks/facility/arroyoSPk.htm,34.104402,-118.187327
Parks,Elysian Park - Buena Vista Meadow Picnic Area,http://www.laparks.org/dos/parks/facility/buenaVistaElysianPk.htm,34.076408,-118.227999
Parks,Wilacre Park,http://www.laparks.org/dos/parks/facility/wilacrePk.htm,34.12913311,-118.4070074
Parks,Sunland Park,http://www.laparks.org/dos/reccenter/facility/sunlandRC.htm,34.25987785,-118.3220099
Parks,Hermon / Arroyo Seco Park,http://www.laparks.org/dos/parks/facility/arroyoSPk.htm,34.104402,-118.187327
Tennis Courts,Palisades Tennis Courts,http://www.laparks.org/dos/sports/tennis/facility/pacificpalisadesTC.htm,34.042087,-118.523909
Parks,Alvarado Terrace Park,http://www.laparks.org/dos/parks/facility/alvaradoTerrPk.htm,34.04498,-118.28112
Recreation Centers,MacArthur Park Community Center,http://www.laparks.org/dos/reccenter/facility/macarthurParkRC.htm,34.060233,-118.277016
Parks,61st Street Pocket Park,,33.984504,-118.272468
Outdoor Fitness Equipment,El Sereno North Park,http://www.laparks.org/dos/parks/facility/elSerenoNorthPk.htm,34.097182,-118.16843
Recreation Centers,Robertson Youth Center,http://www.laparks.org/dos/reccenter/facility/robertsonRC.htm,34.049457,-118.384807
Parks,Rosewood Gardens,,34.080368,-118.361288
Recreation Centers,Pan Pacific Park Recreation Complex,http://www.laparks.org/dos/reccenter/facility/panPacificRC.htm,34.07487935,-118.3549473
Outdoor Fitness Equipment,Benny H. Potter West Adams Avenues Memorial Park,http://www.laparks.org/dos/parks/facility/bennyHPotterPk.htm,34.035039,-118.318677
Recreation Centers,Lake View Terrace Recreation Center,http://www.laparks.org/dos/reccenter/facility/lakeviewTerraceRC.htm,34.275171,-118.37098
Recreation Centers,Downey Youth Center,http://www.laparks.org/dos/reccenter/facility/downeyRC.htm,34.070938,-118.222326
Parks,Temescal Canyon Park,http://www.laparks.org/dos/parks/facility/temescalCynPk.htm,34.0358,-118.53528
Parks,Moorpark Park,http://www.laparks.org/dos/parks/facility/moorparkPark.htm,34.15040916,-118.3952028
Tennis Courts,Echo Park Tennis Courts,http://www.laparks.org/dos/reccenter/facility/echoParkRC.htm,34.068609,-118.260597
Tennis Courts,South Park Tennis Courts,http://www.laparks.org/dos/parks/facility/southPk.htm,33.99664406,-118.268573
Recreation Centers,Stonehurst Recreation Center,http://www.laparks.org/dos/reccenter/facility/stonehurstRC.htm,34.24945616,-118.3748623
Outdoor Fitness Equipment,Amistad Park,,34.253043,-118.418134
Recreation Centers,Van Ness Recreation Center,http://www.laparks.com/dos/reccenter/facility/vanNessRC.htm,33.99082417,-118.319119
Universally Accessible Playgrounds,Sycamore Grove Park,http://www.laparks.org/dos/parks/facility/sycamorePk.htm,34.1019,-118.202996
Outdoor Fitness Equipment,Julian C. Dixon Ave. Park / 48th Street Park,http://www.laparks.org/dos/parks/facility/48thStreetPk.htm,33.99941769,-118.2869822
Parks,San Pedro Welcome Park,,33.746055,-118.292652
Parks,Griffith Park - Cedar Grove,http://www.laparks.org/dos/parks/facility/cedarGrovePk.htm,34.120101,-118.282408
Tennis Courts,Glen Alla Park Tennis Courts,http://www.laparks.org/dos/parks/facility/glenAllaPk.htm,33.983388,-118.431679
Outdoor Fitness Equipment,Mar Vista Park,http://www.laparks.org/dos/reccenter/facility/marVistaRC.htm,34.01785493,-118.4294632
Skate Parks,Rancho Cienega Skate Park,http://www.laparks.org/dos/parks/skateparks/ranchoSkatePk.htm,34.02167021,-118.351823
Gardens,Exposition Park Rose Garden,http://www.laparks.org/exporosegarden/rosegarden.htm,34.017727,-118.286074
Parks,Silver Lake Park,http://www.laparks.org/dos/reccenter/facility/silverLakeRC.htm,34.092833,-118.266803
Parks,Palisades Park (Pacific Palisades),,34.033972,-118.529454
Parks,Martin Luther King Junior Park,http://www.laparks.org/dos/reccenter/facility/martinLKTRC.htm,34.01394464,-118.3087893
Recreation Centers,Lafayette Community Center,http://www.laparks.org/dos/reccenter/facility/lafayetteMCC.htm,34.06211618,-118.282875
Parks,Hansen Dam Park,http://www.laparks.org/dos/reccenter/facility/hansendamRC.htm,34.273758,-118.383484
Outdoor Fitness Equipment,Shatto Park,http://www.laparks.org/dos/reccenter/facility/shattoRC.htm,34.067287,-118.289251
Parks,Rose Hill Park,http://www.laparks.org/dos/parks/facility/roseHillPk.htm,34.091016,-118.192926
Parks,El Escorpion Park,,34.20229,-118.668691
Parks,Valley Village Park,http://www.laparks.org/dos/parks/facility/valleyVillagePk.htm,34.161677,-118.382347
Recreation Centers,South Los Angeles Sports Activity Center,,33.976134,-118.282328
Tennis Courts,Penmar Tennis Courts,http://www.laparks.org/dos/reccenter/facility/penmarRC.htm,34.007124,-118.456177
Recreation Centers,Barnsdall Art Center,http://www.laparks.org/dos/reccenter/facility/barnsdallArtPkRC.htm,34.10151763,-118.29443
Parks,Teichman Family Magnolia Park,,34.164843,-118.468716
Recreation Centers,Wilmington Recreation Center,http://www.laparks.org/dos/reccenter/facility/wilmingtonRC.htm,33.77313982,-118.2686791
Recreation Centers,Algin Sutton Youth Center,http://www.laparks.org/dos/reccenter/facility/alginSuttonRC.htm,33.957778,-118.285546
Recreation Centers,Martin Luther King Jr. Recreation Center,http://www.laparks.org/dos/reccenter/facility/martinLKTRC.htm,34.01394464,-118.3087893
Parks,South L.A. Wetlands Park,,33.993268,-118.265355
Parks,Knapp Ranch Park West,,34.186361,-118.665968
Dog Parks,Barrington Dog Park,http://www.laparks.org/dos/parks/facility/dogparks/barringtonDogPk.htm,34.062494,-118.467569
Hiking Trails,Elysian Park,http://www.laparks.org/dos/parks/facility/elysianPk.htm,34.079411,-118.235668
Parks,Pasko Park,,34.24915,-118.298354
Parks,Vernon Branch Library Pocket Park,,34.002885,-118.256336
Parks,Rustic Canyon Park,,34.068454,-118.510444
Recreation Centers,Central Park Recreation Center,http://www.laparks.org/dos/reccenter/facility/centralParkRC.htm,34.020754,-118.251107
Recreation Centers,Peck Park Youth Center,http://www.laparks.org/dos/reccenter/facility/peckParkComCtr.htm,33.749759,-118.306733
Outdoor Fitness Equipment,Harbor Highlands Park,http://www.laparks.org/dos/parks/facility/harborHighlandsPk.htm,33.75780373,-118.2966521
Golf Courses,Wilson Golf Course,http://www.golf.lacity.org/cdp_wilson.htm,34.143758,-118.289517
Parks,Griffith Park - Lake Hollywood Park,http://www.laparks.org/dos/parks/facility/lakeHollywoodPk.htm,34.126773,-118.326239
Parks,Club Circle Park,,34.038907,-118.402029
Recreation Centers,Eagle Rock Youth Center,http://www.laparks.org/dos/reccenter/facility/eagleRockRC.htm,34.14363983,-118.1882212
Recreation Centers,Mar Vista Recreation Center,http://www.laparks.org/dos/reccenter/facility/marVistaRC.htm,34.017986,-118.428674
Parks,Coldwater Canyon Park,http://www.laparks.org/dos/parks/facility/coldwaterCanyonPk.htm,34.12913311,-118.4070074
Parks,Alma Park,http://www.laparks.org/dos/parks/facility/almaPk.htm,33.725084,-118.296822
Equestrian Centers,Aliso Canyon Park Equestrian Center,http://www.laparks.org/dos/parks/facility/alisoCanyonPk.htm,34.27891,-118.526823
National Park,Mojave National Preserve,,35.141689,-115.510399
National Park,Joshua Tree National Park,,33.881866,-115.900650
National Park,Channel Islands National Park,,33.998028,-119.772949
National Park,Topanga State Park,,34.093182,-118.587318
National Park,Whiskeytown National Recreation Area,,40.633495,-122.564247
National Park,Yosemite National Park,,37.865101,-119.538330
National Park,Malibu Creek State Park,,34.105156,-118.731316
